gene,embryo,channel,source_type,sigma_dog,threshold_dog,min_intensity,max_intensity,final_detections,full_path
BEAF32,BEAF32_10_hb-Airyscan Processing-10-Channel Alignment (Extended)-10,CH1_633nm,combined_file,1.8,0.01001,0.0,5475.0,1933,Z:\Sujay\RNAi screen\DNA-FISH_RNAi_screen\AP_file_2026\AP_files\OUTPUT\logs\BEAF32_10_hb-Airyscan Processing-10-Channel Alignment (Extended)-10_RSFISH_LOG.txt
BEAF32,BEAF32_10_hb-Airyscan Processing-10-Channel Alignment (Extended)-10,CH2_555nm,combined_file,1.8,0.01001,0.0,10326.0,4554,Z:\Sujay\RNAi screen\DNA-FISH_RNAi_screen\AP_file_2026\AP_files\OUTPUT\logs\BEAF32_10_hb-Airyscan Processing-10-Channel Alignment (Extended)-10_RSFISH_LOG.txt
BEAF32,BEAF32_10_hb-Airyscan Processing-10-Channel Alignment (Extended)-10,CH3_488nm,combined_file,1.8,0.01573,0.0,5487.0,2062,Z:\Sujay\RNAi screen\DNA-FISH_RNAi_screen\AP_file_2026\AP_files\OUTPUT\logs\BEAF32_10_hb-Airyscan Processing-10-Channel Alignment (Extended)-10_RSFISH_LOG.txt
BEAF32,BEAF32_11_hr-Airyscan Processing-11-Channel Alignment (Extended)-11,CH1_633nm,per_channel_file,1.8,0.002786,0.0,10508.0,1270,Z:\Sujay\RNAi screen\DNA-FISH_RNAi_screen\AP_file_2026\AP_files\OUTPUT\logs\BEAF32_11_hr-Airyscan Processing-11-Channel Alignment (Extended)-11_CH1_633nm_RSFISH_LOG.txt
BEAF32,BEAF32_11_hr-Airyscan Processing-11-Channel Alignment (Extended)-11,CH2_555nm,combined_file,1.8,0.01001,0.0,22943.0,712,Z:\Sujay\RNAi screen\DNA-FISH_RNAi_screen\AP_file_2026\AP_files\OUTPUT\logs\BEAF32_11_hr-Airyscan Processing-11-Channel Alignment (Extended)-11_RSFISH_LOG.txt
BEAF32,BEAF32_11_hr-Airyscan Processing-11-Channel Alignment (Extended)-11,CH3_488nm,combined_file,1.8,0.01573,0.0,5063.0,924,Z:\Sujay\RNAi screen\DNA-FISH_RNAi_screen\AP_file_2026\AP_files\OUTPUT\logs\BEAF32_11_hr-Airyscan Processing-11-Channel Alignment (Extended)-11_RSFISH_LOG.txt
BEAF32,BEAF32_12_rh-Airyscan Processing-12-Channel Alignment (Extended)-12,CH1_633nm,per_channel_file,1.8,0.002786,0.0,9629.0,4691,Z:\Sujay\RNAi screen\DNA-FISH_RNAi_screen\AP_file_2026\AP_files\OUTPUT\logs\BEAF32_12_rh-Airyscan Processing-12-Channel Alignment (Extended)-12_CH1_633nm_RSFISH_LOG.txt
BEAF32,BEAF32_12_rh-Airyscan Processing-12-Channel Alignment (Extended)-12,CH2_555nm,combined_file,1.8,0.01001,0.0,22979.0,1900,Z:\Sujay\RNAi screen\DNA-FISH_RNAi_screen\AP_file_2026\AP_files\OUTPUT\logs\BEAF32_12_rh-Airyscan Processing-12-Channel Alignment (Extended)-12_RSFISH_LOG.txt
BEAF32,BEAF32_12_rh-Airyscan Processing-12-Channel Alignment (Extended)-12,CH3_488nm,combined_file,1.8,0.01573,0.0,5644.0,2416,Z:\Sujay\RNAi screen\DNA-FISH_RNAi_screen\AP_file_2026\AP_files\OUTPUT\logs\BEAF32_12_rh-Airyscan Processing-12-Channel Alignment (Extended)-12_RSFISH_LOG.txt
BEAF32,BEAF32_13_hb-Airyscan Processing-13-Channel Alignment (Extended)-13,CH1_633nm,combined_file,1.8,0.01001,0.0,8577.0,1284,Z:\Sujay\RNAi screen\DNA-FISH_RNAi_screen\AP_file_2026\AP_files\OUTPUT\logs\BEAF32_13_hb-Airyscan Processing-13-Channel Alignment (Extended)-13_RSFISH_LOG.txt
BEAF32,BEAF32_13_hb-Airyscan Processing-13-Channel Alignment (Extended)-13,CH2_555nm,combined_file,1.8,0.01001,0.0,23075.0,3695,Z:\Sujay\RNAi screen\DNA-FISH_RNAi_screen\AP_file_2026\AP_files\OUTPUT\logs\BEAF32_13_hb-Airyscan Processing-13-Channel Alignment (Extended)-13_RSFISH_LOG.txt
BEAF32,BEAF32_13_hb-Airyscan Processing-13-Channel Alignment (Extended)-13,CH3_488nm,combined_file,1.8,0.01573,0.0,6321.0,3514,Z:\Sujay\RNAi screen\DNA-FISH_RNAi_screen\AP_file_2026\AP_files\OUTPUT\logs\BEAF32_13_hb-Airyscan Processing-13-Channel Alignment (Extended)-13_RSFISH_LOG.txt
BEAF32,BEAF32_1_RH-Airyscan Processing-01-Channel Alignment (Extended)-01,CH1_633nm,combined_file,1.8,0.01001,0.0,10366.0,1873,Z:\Sujay\RNAi screen\DNA-FISH_RNAi_screen\AP_file_2026\AP_files\OUTPUT\logs\BEAF32_1_RH-Airyscan Processing-01-Channel Alignment (Extended)-01_RSFISH_LOG.txt
BEAF32,BEAF32_1_RH-Airyscan Processing-01-Channel Alignment (Extended)-01,CH2_555nm,combined_file,1.8,0.01001,0.0,40031.0,2159,Z:\Sujay\RNAi screen\DNA-FISH_RNAi_screen\AP_file_2026\AP_files\OUTPUT\logs\BEAF32_1_RH-Airyscan Processing-01-Channel Alignment (Extended)-01_RSFISH_LOG.txt
BEAF32,BEAF32_1_RH-Airyscan Processing-01-Channel Alignment (Extended)-01,CH3_488nm,combined_file,1.8,0.01573,0.0,11504.0,2056,Z:\Sujay\RNAi screen\DNA-FISH_RNAi_screen\AP_file_2026\AP_files\OUTPUT\logs\BEAF32_1_RH-Airyscan Processing-01-Channel Alignment (Extended)-01_RSFISH_LOG.txt
BEAF32,BEAF32_2_RH-Airyscan Processing-02-Channel Alignment (Extended)-02,CH1_633nm,per_channel_file,1.8,0.002786,0.0,28948.0,2923,Z:\Sujay\RNAi screen\DNA-FISH_RNAi_screen\AP_file_2026\AP_files\OUTPUT\logs\BEAF32_2_RH-Airyscan Processing-02-Channel Alignment (Extended)-02_CH1_633nm_RSFISH_LOG.txt
BEAF32,BEAF32_2_RH-Airyscan Processing-02-Channel Alignment (Extended)-02,CH2_555nm,combined_file,1.8,0.01001,0.0,49569.0,1438,Z:\Sujay\RNAi screen\DNA-FISH_RNAi_screen\AP_file_2026\AP_files\OUTPUT\logs\BEAF32_2_RH-Airyscan Processing-02-Channel Alignment (Extended)-02_RSFISH_LOG.txt
BEAF32,BEAF32_2_RH-Airyscan Processing-02-Channel Alignment (Extended)-02,CH3_488nm,combined_file,1.8,0.01573,0.0,12369.0,2197,Z:\Sujay\RNAi screen\DNA-FISH_RNAi_screen\AP_file_2026\AP_files\OUTPUT\logs\BEAF32_2_RH-Airyscan Processing-02-Channel Alignment (Extended)-02_RSFISH_LOG.txt
BEAF32,BEAF32_3_DH-Airyscan Processing-03-Channel Alignment (Extended)-03,CH1_633nm,per_channel_file,1.8,0.002786,0.0,27935.0,4130,Z:\Sujay\RNAi screen\DNA-FISH_RNAi_screen\AP_file_2026\AP_files\OUTPUT\logs\BEAF32_3_DH-Airyscan Processing-03-Channel Alignment (Extended)-03_CH1_633nm_RSFISH_LOG.txt
BEAF32,BEAF32_3_DH-Airyscan Processing-03-Channel Alignment (Extended)-03,CH2_555nm,combined_file,1.8,0.01001,0.0,65533.0,752,Z:\Sujay\RNAi screen\DNA-FISH_RNAi_screen\AP_file_2026\AP_files\OUTPUT\logs\BEAF32_3_DH-Airyscan Processing-03-Channel Alignment (Extended)-03_RSFISH_LOG.txt
BEAF32,BEAF32_3_DH-Airyscan Processing-03-Channel Alignment (Extended)-03,CH3_488nm,combined_file,1.8,0.01573,0.0,11242.0,2806,Z:\Sujay\RNAi screen\DNA-FISH_RNAi_screen\AP_file_2026\AP_files\OUTPUT\logs\BEAF32_3_DH-Airyscan Processing-03-Channel Alignment (Extended)-03_RSFISH_LOG.txt
BEAF32,BEAF32_4_RH-Airyscan Processing-04-Channel Alignment (Extended)-04,CH1_633nm,combined_file,1.8,0.01001,0.0,20426.0,531,Z:\Sujay\RNAi screen\DNA-FISH_RNAi_screen\AP_file_2026\AP_files\OUTPUT\logs\BEAF32_4_RH-Airyscan Processing-04-Channel Alignment (Extended)-04_RSFISH_LOG.txt
BEAF32,BEAF32_4_RH-Airyscan Processing-04-Channel Alignment (Extended)-04,CH2_555nm,combined_file,1.8,0.01001,0.0,53414.0,1145,Z:\Sujay\RNAi screen\DNA-FISH_RNAi_screen\AP_file_2026\AP_files\OUTPUT\logs\BEAF32_4_RH-Airyscan Processing-04-Channel Alignment (Extended)-04_RSFISH_LOG.txt
BEAF32,BEAF32_4_RH-Airyscan Processing-04-Channel Alignment (Extended)-04,CH3_488nm,combined_file,1.8,0.01573,0.0,15651.0,1689,Z:\Sujay\RNAi screen\DNA-FISH_RNAi_screen\AP_file_2026\AP_files\OUTPUT\logs\BEAF32_4_RH-Airyscan Processing-04-Channel Alignment (Extended)-04_RSFISH_LOG.txt
BEAF32,BEAF32_5_HL-Airyscan Processing-05-Channel Alignment (Extended)-05,CH1_633nm,per_channel_file,1.8,0.002786,0.0,65535.0,1031,Z:\Sujay\RNAi screen\DNA-FISH_RNAi_screen\AP_file_2026\AP_files\OUTPUT\logs\BEAF32_5_HL-Airyscan Processing-05-Channel Alignment (Extended)-05_CH1_633nm_RSFISH_LOG.txt
BEAF32,BEAF32_5_HL-Airyscan Processing-05-Channel Alignment (Extended)-05,CH2_555nm,combined_file,1.8,0.01001,0.0,65533.0,889,Z:\Sujay\RNAi screen\DNA-FISH_RNAi_screen\AP_file_2026\AP_files\OUTPUT\logs\BEAF32_5_HL-Airyscan Processing-05-Channel Alignment (Extended)-05_RSFISH_LOG.txt
BEAF32,BEAF32_5_HL-Airyscan Processing-05-Channel Alignment (Extended)-05,CH3_488nm,combined_file,1.8,0.01573,0.0,12250.0,3307,Z:\Sujay\RNAi screen\DNA-FISH_RNAi_screen\AP_file_2026\AP_files\OUTPUT\logs\BEAF32_5_HL-Airyscan Processing-05-Channel Alignment (Extended)-05_RSFISH_LOG.txt
BEAF32,BEAF32_6_rh-Airyscan Processing-06-Channel Alignment (Extended)-06,CH1_633nm,combined_file,1.8,0.01001,0.0,20039.0,549,Z:\Sujay\RNAi screen\DNA-FISH_RNAi_screen\AP_file_2026\AP_files\OUTPUT\logs\BEAF32_6_rh-Airyscan Processing-06-Channel Alignment (Extended)-06_RSFISH_LOG.txt
BEAF32,BEAF32_6_rh-Airyscan Processing-06-Channel Alignment (Extended)-06,CH2_555nm,combined_file,1.8,0.01001,0.0,46608.0,2150,Z:\Sujay\RNAi screen\DNA-FISH_RNAi_screen\AP_file_2026\AP_files\OUTPUT\logs\BEAF32_6_rh-Airyscan Processing-06-Channel Alignment (Extended)-06_RSFISH_LOG.txt
BEAF32,BEAF32_6_rh-Airyscan Processing-06-Channel Alignment (Extended)-06,CH3_488nm,combined_file,1.8,0.01573,0.0,10697.0,3177,Z:\Sujay\RNAi screen\DNA-FISH_RNAi_screen\AP_file_2026\AP_files\OUTPUT\logs\BEAF32_6_rh-Airyscan Processing-06-Channel Alignment (Extended)-06_RSFISH_LOG.txt
BEAF32,BEAF32_7_hu-Airyscan Processing-07-Channel Alignment (Extended)-07,CH1_633nm,combined_file,1.8,0.01001,0.0,20497.0,570,Z:\Sujay\RNAi screen\DNA-FISH_RNAi_screen\AP_file_2026\AP_files\OUTPUT\logs\BEAF32_7_hu-Airyscan Processing-07-Channel Alignment (Extended)-07_RSFISH_LOG.txt
BEAF32,BEAF32_7_hu-Airyscan Processing-07-Channel Alignment (Extended)-07,CH2_555nm,combined_file,1.8,0.01001,0.0,34745.0,2305,Z:\Sujay\RNAi screen\DNA-FISH_RNAi_screen\AP_file_2026\AP_files\OUTPUT\logs\BEAF32_7_hu-Airyscan Processing-07-Channel Alignment (Extended)-07_RSFISH_LOG.txt
BEAF32,BEAF32_7_hu-Airyscan Processing-07-Channel Alignment (Extended)-07,CH3_488nm,combined_file,1.8,0.01573,0.0,12474.0,2002,Z:\Sujay\RNAi screen\DNA-FISH_RNAi_screen\AP_file_2026\AP_files\OUTPUT\logs\BEAF32_7_hu-Airyscan Processing-07-Channel Alignment (Extended)-07_RSFISH_LOG.txt
BEAF32,BEAF32_8_lh-Airyscan Processing-08-Channel Alignment (Extended)-08,CH1_633nm,combined_file,1.8,0.01001,0.0,11384.0,2190,Z:\Sujay\RNAi screen\DNA-FISH_RNAi_screen\AP_file_2026\AP_files\OUTPUT\logs\BEAF32_8_lh-Airyscan Processing-08-Channel Alignment (Extended)-08_RSFISH_LOG.txt
BEAF32,BEAF32_8_lh-Airyscan Processing-08-Channel Alignment (Extended)-08,CH2_555nm,combined_file,1.8,0.01001,0.0,34431.0,2989,Z:\Sujay\RNAi screen\DNA-FISH_RNAi_screen\AP_file_2026\AP_files\OUTPUT\logs\BEAF32_8_lh-Airyscan Processing-08-Channel Alignment (Extended)-08_RSFISH_LOG.txt
BEAF32,BEAF32_8_lh-Airyscan Processing-08-Channel Alignment (Extended)-08,CH3_488nm,combined_file,1.8,0.01573,0.0,11641.0,2006,Z:\Sujay\RNAi screen\DNA-FISH_RNAi_screen\AP_file_2026\AP_files\OUTPUT\logs\BEAF32_8_lh-Airyscan Processing-08-Channel Alignment (Extended)-08_RSFISH_LOG.txt
BEAF32,BEAF32_9_rh_ventral-Airyscan Processing-09-Channel Alignment (Extended)-09,CH1_633nm,combined_file,1.8,0.01001,0.0,16330.0,1936,Z:\Sujay\RNAi screen\DNA-FISH_RNAi_screen\AP_file_2026\AP_files\OUTPUT\logs\BEAF32_9_rh_ventral-Airyscan Processing-09-Channel Alignment (Extended)-09_RSFISH_LOG.txt
BEAF32,BEAF32_9_rh_ventral-Airyscan Processing-09-Channel Alignment (Extended)-09,CH2_555nm,combined_file,1.8,0.01001,0.0,33150.0,4821,Z:\Sujay\RNAi screen\DNA-FISH_RNAi_screen\AP_file_2026\AP_files\OUTPUT\logs\BEAF32_9_rh_ventral-Airyscan Processing-09-Channel Alignment (Extended)-09_RSFISH_LOG.txt
BEAF32,BEAF32_9_rh_ventral-Airyscan Processing-09-Channel Alignment (Extended)-09,CH3_488nm,combined_file,1.8,0.01573,0.0,11131.0,2964,Z:\Sujay\RNAi screen\DNA-FISH_RNAi_screen\AP_file_2026\AP_files\OUTPUT\logs\BEAF32_9_rh_ventral-Airyscan Processing-09-Channel Alignment (Extended)-09_RSFISH_LOG.txt
BEAF32,Beaf32_14_HB-Airyscan Processing-26-Channel Alignment (Extended)-29,CH1_633nm,combined_file,1.8,0.01001,0.0,10587.0,856,Z:\Sujay\RNAi screen\DNA-FISH_RNAi_screen\AP_file_2026\AP_files\OUTPUT\logs\Beaf32_14_HB-Airyscan Processing-26-Channel Alignment (Extended)-29_RSFISH_LOG.txt
BEAF32,Beaf32_14_HB-Airyscan Processing-26-Channel Alignment (Extended)-29,CH2_555nm,combined_file,1.8,0.01001,0.0,12429.0,6234,Z:\Sujay\RNAi screen\DNA-FISH_RNAi_screen\AP_file_2026\AP_files\OUTPUT\logs\Beaf32_14_HB-Airyscan Processing-26-Channel Alignment (Extended)-29_RSFISH_LOG.txt
BEAF32,Beaf32_14_HB-Airyscan Processing-26-Channel Alignment (Extended)-29,CH3_488nm,combined_file,1.8,0.01573,0.0,6418.0,12591,Z:\Sujay\RNAi screen\DNA-FISH_RNAi_screen\AP_file_2026\AP_files\OUTPUT\logs\Beaf32_14_HB-Airyscan Processing-26-Channel Alignment (Extended)-29_RSFISH_LOG.txt
BEAF32,Beaf32_15_hb-Airyscan Processing-27-Channel Alignment (Extended)-30,CH1_633nm,per_channel_file,1.8,0.002786,0.0,23467.0,3410,Z:\Sujay\RNAi screen\DNA-FISH_RNAi_screen\AP_file_2026\AP_files\OUTPUT\logs\Beaf32_15_hb-Airyscan Processing-27-Channel Alignment (Extended)-30_CH1_633nm_RSFISH_LOG.txt
BEAF32,Beaf32_15_hb-Airyscan Processing-27-Channel Alignment (Extended)-30,CH2_555nm,combined_file,1.8,0.01001,0.0,31387.0,2882,Z:\Sujay\RNAi screen\DNA-FISH_RNAi_screen\AP_file_2026\AP_files\OUTPUT\logs\Beaf32_15_hb-Airyscan Processing-27-Channel Alignment (Extended)-30_RSFISH_LOG.txt
BEAF32,Beaf32_15_hb-Airyscan Processing-27-Channel Alignment (Extended)-30,CH3_488nm,combined_file,1.8,0.01573,0.0,8932.0,4721,Z:\Sujay\RNAi screen\DNA-FISH_RNAi_screen\AP_file_2026\AP_files\OUTPUT\logs\Beaf32_15_hb-Airyscan Processing-27-Channel Alignment (Extended)-30_RSFISH_LOG.txt
BEAF32,Beaf32_16_HR-Airyscan Processing-25-Channel Alignment (Extended)-28,CH1_633nm,combined_file,1.8,0.01001,0.0,13767.0,812,Z:\Sujay\RNAi screen\DNA-FISH_RNAi_screen\AP_file_2026\AP_files\OUTPUT\logs\Beaf32_16_HR-Airyscan Processing-25-Channel Alignment (Extended)-28_RSFISH_LOG.txt
BEAF32,Beaf32_16_HR-Airyscan Processing-25-Channel Alignment (Extended)-28,CH2_555nm,combined_file,1.8,0.01001,0.0,11368.0,16078,Z:\Sujay\RNAi screen\DNA-FISH_RNAi_screen\AP_file_2026\AP_files\OUTPUT\logs\Beaf32_16_HR-Airyscan Processing-25-Channel Alignment (Extended)-28_RSFISH_LOG.txt
BEAF32,Beaf32_16_HR-Airyscan Processing-25-Channel Alignment (Extended)-28,CH3_488nm,combined_file,1.8,0.01573,0.0,8074.0,4057,Z:\Sujay\RNAi screen\DNA-FISH_RNAi_screen\AP_file_2026\AP_files\OUTPUT\logs\Beaf32_16_HR-Airyscan Processing-25-Channel Alignment (Extended)-28_RSFISH_LOG.txt
Blimp1,Blimp1_10_HR-Airyscan Processing-378-Channel Alignment (Extended)-383,CH1_633nm,combined_file,1.5,0.007506,0.0,6726.0,10849,Z:\Sujay\RNAi screen\DNA-FISH_RNAi_screen\AP_file_2026\AP_files\OUTPUT\logs\Blimp1_10_HR-Airyscan Processing-378-Channel Alignment (Extended)-383_RSFISH_LOG.txt
Blimp1,Blimp1_10_HR-Airyscan Processing-378-Channel Alignment (Extended)-383,CH2_555nm,combined_file,1.5,0.007551,0.0,41912.0,5307,Z:\Sujay\RNAi screen\DNA-FISH_RNAi_screen\AP_file_2026\AP_files\OUTPUT\logs\Blimp1_10_HR-Airyscan Processing-378-Channel Alignment (Extended)-383_RSFISH_LOG.txt
Blimp1,Blimp1_10_HR-Airyscan Processing-378-Channel Alignment (Extended)-383,CH3_488nm,combined_file,1.5,0.02012,0.0,9456.0,5121,Z:\Sujay\RNAi screen\DNA-FISH_RNAi_screen\AP_file_2026\AP_files\OUTPUT\logs\Blimp1_10_HR-Airyscan Processing-378-Channel Alignment (Extended)-383_RSFISH_LOG.txt
Blimp1,Blimp1_11_HB-Airyscan Processing-387-Channel Alignment (Extended)-394,CH1_633nm,combined_file,1.5,0.007506,0.0,9251.0,2414,Z:\Sujay\RNAi screen\DNA-FISH_RNAi_screen\AP_file_2026\AP_files\OUTPUT\logs\Blimp1_11_HB-Airyscan Processing-387-Channel Alignment (Extended)-394_RSFISH_LOG.txt
Blimp1,Blimp1_11_HB-Airyscan Processing-387-Channel Alignment (Extended)-394,CH2_555nm,combined_file,1.5,0.007551,0.0,18248.0,20584,Z:\Sujay\RNAi screen\DNA-FISH_RNAi_screen\AP_file_2026\AP_files\OUTPUT\logs\Blimp1_11_HB-Airyscan Processing-387-Channel Alignment (Extended)-394_RSFISH_LOG.txt
Blimp1,Blimp1_11_HB-Airyscan Processing-387-Channel Alignment (Extended)-394,CH3_488nm,combined_file,1.5,0.02012,0.0,6416.0,4752,Z:\Sujay\RNAi screen\DNA-FISH_RNAi_screen\AP_file_2026\AP_files\OUTPUT\logs\Blimp1_11_HB-Airyscan Processing-387-Channel Alignment (Extended)-394_RSFISH_LOG.txt
Blimp1,Blimp1_12_hl-Airyscan Processing-389-Channel Alignment (Extended)-395,CH1_633nm,combined_file,1.8,0.007586,0.0,17254.0,166,Z:\Sujay\RNAi screen\DNA-FISH_RNAi_screen\AP_file_2026\AP_files\OUTPUT\logs\Blimp1_12_hl-Airyscan Processing-389-Channel Alignment (Extended)-395_RSFISH_LOG.txt
Blimp1,Blimp1_12_hl-Airyscan Processing-389-Channel Alignment (Extended)-395,CH2_555nm,combined_file,1.8,0.007551,0.0,23858.0,6778,Z:\Sujay\RNAi screen\DNA-FISH_RNAi_screen\AP_file_2026\AP_files\OUTPUT\logs\Blimp1_12_hl-Airyscan Processing-389-Channel Alignment (Extended)-395_RSFISH_LOG.txt
Blimp1,Blimp1_12_hl-Airyscan Processing-389-Channel Alignment (Extended)-395,CH3_488nm,combined_file,1.8,0.01073,0.0,5887.0,803009,Z:\Sujay\RNAi screen\DNA-FISH_RNAi_screen\AP_file_2026\AP_files\OUTPUT\logs\Blimp1_12_hl-Airyscan Processing-389-Channel Alignment (Extended)-395_RSFISH_LOG.txt
Blimp1,Blimp1_1_HB-Airyscan Processing-370-Channel Alignment (Extended)-01,CH1_633nm,combined_file,1.5,0.007506,0.0,3839.0,47601,Z:\Sujay\RNAi screen\DNA-FISH_RNAi_screen\AP_file_2026\AP_files\OUTPUT\logs\Blimp1_1_HB-Airyscan Processing-370-Channel Alignment (Extended)-01_RSFISH_LOG.txt
Blimp1,Blimp1_1_HB-Airyscan Processing-370-Channel Alignment (Extended)-01,CH2_555nm,combined_file,1.5,0.007551,0.0,15154.0,17154,Z:\Sujay\RNAi screen\DNA-FISH_RNAi_screen\AP_file_2026\AP_files\OUTPUT\logs\Blimp1_1_HB-Airyscan Processing-370-Channel Alignment (Extended)-01_RSFISH_LOG.txt
Blimp1,Blimp1_1_HB-Airyscan Processing-370-Channel Alignment (Extended)-01,CH3_488nm,combined_file,1.5,0.02012,0.0,7280.0,4216,Z:\Sujay\RNAi screen\DNA-FISH_RNAi_screen\AP_file_2026\AP_files\OUTPUT\logs\Blimp1_1_HB-Airyscan Processing-370-Channel Alignment (Extended)-01_RSFISH_LOG.txt
Blimp1,Blimp1_2_HB-Airyscan Processing-371-Channel Alignment (Extended)-02,CH1_633nm,combined_file,1.5,0.007506,0.0,6380.0,4293,Z:\Sujay\RNAi screen\DNA-FISH_RNAi_screen\AP_file_2026\AP_files\OUTPUT\logs\Blimp1_2_HB-Airyscan Processing-371-Channel Alignment (Extended)-02_RSFISH_LOG.txt
Blimp1,Blimp1_2_HB-Airyscan Processing-371-Channel Alignment (Extended)-02,CH2_555nm,combined_file,1.5,0.007551,0.0,29358.0,2502,Z:\Sujay\RNAi screen\DNA-FISH_RNAi_screen\AP_file_2026\AP_files\OUTPUT\logs\Blimp1_2_HB-Airyscan Processing-371-Channel Alignment (Extended)-02_RSFISH_LOG.txt
Blimp1,Blimp1_2_HB-Airyscan Processing-371-Channel Alignment (Extended)-02,CH3_488nm,combined_file,1.5,0.02012,0.0,6416.0,1763,Z:\Sujay\RNAi screen\DNA-FISH_RNAi_screen\AP_file_2026\AP_files\OUTPUT\logs\Blimp1_2_HB-Airyscan Processing-371-Channel Alignment (Extended)-02_RSFISH_LOG.txt
Blimp1,Blimp1_3_HR-Airyscan Processing-372-Channel Alignment (Extended)-03,CH1_633nm,combined_file,1.5,0.007506,0.0,6137.0,1902,Z:\Sujay\RNAi screen\DNA-FISH_RNAi_screen\AP_file_2026\AP_files\OUTPUT\logs\Blimp1_3_HR-Airyscan Processing-372-Channel Alignment (Extended)-03_RSFISH_LOG.txt
Blimp1,Blimp1_3_HR-Airyscan Processing-372-Channel Alignment (Extended)-03,CH2_555nm,combined_file,1.5,0.007551,0.0,17091.0,2857,Z:\Sujay\RNAi screen\DNA-FISH_RNAi_screen\AP_file_2026\AP_files\OUTPUT\logs\Blimp1_3_HR-Airyscan Processing-372-Channel Alignment (Extended)-03_RSFISH_LOG.txt
Blimp1,Blimp1_3_HR-Airyscan Processing-372-Channel Alignment (Extended)-03,CH3_488nm,combined_file,1.5,0.02012,0.0,11317.0,326,Z:\Sujay\RNAi screen\DNA-FISH_RNAi_screen\AP_file_2026\AP_files\OUTPUT\logs\Blimp1_3_HR-Airyscan Processing-372-Channel Alignment (Extended)-03_RSFISH_LOG.txt
Blimp1,Blimp1_4_HR-Airyscan Processing-373-Channel Alignment (Extended)-04,CH1_633nm,combined_file,1.5,0.007506,0.0,6565.0,4877,Z:\Sujay\RNAi screen\DNA-FISH_RNAi_screen\AP_file_2026\AP_files\OUTPUT\logs\Blimp1_4_HR-Airyscan Processing-373-Channel Alignment (Extended)-04_RSFISH_LOG.txt
Blimp1,Blimp1_4_HR-Airyscan Processing-373-Channel Alignment (Extended)-04,CH2_555nm,combined_file,1.5,0.007551,0.0,21843.0,3750,Z:\Sujay\RNAi screen\DNA-FISH_RNAi_screen\AP_file_2026\AP_files\OUTPUT\logs\Blimp1_4_HR-Airyscan Processing-373-Channel Alignment (Extended)-04_RSFISH_LOG.txt
Blimp1,Blimp1_4_HR-Airyscan Processing-373-Channel Alignment (Extended)-04,CH3_488nm,combined_file,1.5,0.02012,0.0,7300.0,2201,Z:\Sujay\RNAi screen\DNA-FISH_RNAi_screen\AP_file_2026\AP_files\OUTPUT\logs\Blimp1_4_HR-Airyscan Processing-373-Channel Alignment (Extended)-04_RSFISH_LOG.txt
Blimp1,Blimp1_5_HL-Airyscan Processing-374-Channel Alignment (Extended)-379,CH1_633nm,combined_file,1.5,0.007506,0.0,8247.0,3367,Z:\Sujay\RNAi screen\DNA-FISH_RNAi_screen\AP_file_2026\AP_files\OUTPUT\logs\Blimp1_5_HL-Airyscan Processing-374-Channel Alignment (Extended)-379_RSFISH_LOG.txt
Blimp1,Blimp1_5_HL-Airyscan Processing-374-Channel Alignment (Extended)-379,CH2_555nm,combined_file,1.5,0.007551,0.0,39736.0,3797,Z:\Sujay\RNAi screen\DNA-FISH_RNAi_screen\AP_file_2026\AP_files\OUTPUT\logs\Blimp1_5_HL-Airyscan Processing-374-Channel Alignment (Extended)-379_RSFISH_LOG.txt
Blimp1,Blimp1_5_HL-Airyscan Processing-374-Channel Alignment (Extended)-379,CH3_488nm,combined_file,1.5,0.02012,0.0,9266.0,2233,Z:\Sujay\RNAi screen\DNA-FISH_RNAi_screen\AP_file_2026\AP_files\OUTPUT\logs\Blimp1_5_HL-Airyscan Processing-374-Channel Alignment (Extended)-379_RSFISH_LOG.txt
Blimp1,Blimp1_6_HB-Airyscan Processing-375-Channel Alignment (Extended)-380,CH1_633nm,combined_file,1.5,0.007506,0.0,7355.0,3344,Z:\Sujay\RNAi screen\DNA-FISH_RNAi_screen\AP_file_2026\AP_files\OUTPUT\logs\Blimp1_6_HB-Airyscan Processing-375-Channel Alignment (Extended)-380_RSFISH_LOG.txt
Blimp1,Blimp1_6_HB-Airyscan Processing-375-Channel Alignment (Extended)-380,CH2_555nm,combined_file,1.5,0.007551,0.0,27253.0,4199,Z:\Sujay\RNAi screen\DNA-FISH_RNAi_screen\AP_file_2026\AP_files\OUTPUT\logs\Blimp1_6_HB-Airyscan Processing-375-Channel Alignment (Extended)-380_RSFISH_LOG.txt
Blimp1,Blimp1_6_HB-Airyscan Processing-375-Channel Alignment (Extended)-380,CH3_488nm,combined_file,1.5,0.02012,0.0,22488.0,20,Z:\Sujay\RNAi screen\DNA-FISH_RNAi_screen\AP_file_2026\AP_files\OUTPUT\logs\Blimp1_6_HB-Airyscan Processing-375-Channel Alignment (Extended)-380_RSFISH_LOG.txt
Blimp1,Blimp1_7_HB-Airyscan Processing-376-Channel Alignment (Extended)-381,CH1_633nm,combined_file,1.5,0.007506,0.0,4380.0,74349,Z:\Sujay\RNAi screen\DNA-FISH_RNAi_screen\AP_file_2026\AP_files\OUTPUT\logs\Blimp1_7_HB-Airyscan Processing-376-Channel Alignment (Extended)-381_RSFISH_LOG.txt
Blimp1,Blimp1_7_HB-Airyscan Processing-376-Channel Alignment (Extended)-381,CH2_555nm,combined_file,1.5,0.007551,0.0,14123.0,28699,Z:\Sujay\RNAi screen\DNA-FISH_RNAi_screen\AP_file_2026\AP_files\OUTPUT\logs\Blimp1_7_HB-Airyscan Processing-376-Channel Alignment (Extended)-381_RSFISH_LOG.txt
Blimp1,Blimp1_7_HB-Airyscan Processing-376-Channel Alignment (Extended)-381,CH3_488nm,combined_file,1.5,0.02012,0.0,12160.0,761,Z:\Sujay\RNAi screen\DNA-FISH_RNAi_screen\AP_file_2026\AP_files\OUTPUT\logs\Blimp1_7_HB-Airyscan Processing-376-Channel Alignment (Extended)-381_RSFISH_LOG.txt
Blimp1,Blimp1_8_HR-Airyscan Processing-384-Channel Alignment (Extended)-385,CH1_633nm,combined_file,1.5,0.007506,0.0,4355.0,31192,Z:\Sujay\RNAi screen\DNA-FISH_RNAi_screen\AP_file_2026\AP_files\OUTPUT\logs\Blimp1_8_HR-Airyscan Processing-384-Channel Alignment (Extended)-385_RSFISH_LOG.txt
Blimp1,Blimp1_8_HR-Airyscan Processing-384-Channel Alignment (Extended)-385,CH2_555nm,combined_file,1.5,0.007551,0.0,12771.0,37608,Z:\Sujay\RNAi screen\DNA-FISH_RNAi_screen\AP_file_2026\AP_files\OUTPUT\logs\Blimp1_8_HR-Airyscan Processing-384-Channel Alignment (Extended)-385_RSFISH_LOG.txt
Blimp1,Blimp1_8_HR-Airyscan Processing-384-Channel Alignment (Extended)-385,CH3_488nm,combined_file,1.5,0.02012,0.0,7110.0,875,Z:\Sujay\RNAi screen\DNA-FISH_RNAi_screen\AP_file_2026\AP_files\OUTPUT\logs\Blimp1_8_HR-Airyscan Processing-384-Channel Alignment (Extended)-385_RSFISH_LOG.txt
Blimp1,Blimp1_9_HB-Airyscan Processing-377-Channel Alignment (Extended)-382,CH1_633nm,combined_file,1.5,0.007506,0.0,42573.0,133,Z:\Sujay\RNAi screen\DNA-FISH_RNAi_screen\AP_file_2026\AP_files\OUTPUT\logs\Blimp1_9_HB-Airyscan Processing-377-Channel Alignment (Extended)-382_RSFISH_LOG.txt
Blimp1,Blimp1_9_HB-Airyscan Processing-377-Channel Alignment (Extended)-382,CH2_555nm,combined_file,1.5,0.007551,0.0,50702.0,1607,Z:\Sujay\RNAi screen\DNA-FISH_RNAi_screen\AP_file_2026\AP_files\OUTPUT\logs\Blimp1_9_HB-Airyscan Processing-377-Channel Alignment (Extended)-382_RSFISH_LOG.txt
Blimp1,Blimp1_9_HB-Airyscan Processing-377-Channel Alignment (Extended)-382,CH3_488nm,combined_file,1.5,0.02012,0.0,7576.0,1056,Z:\Sujay\RNAi screen\DNA-FISH_RNAi_screen\AP_file_2026\AP_files\OUTPUT\logs\Blimp1_9_HB-Airyscan Processing-377-Channel Alignment (Extended)-382_RSFISH_LOG.txt
Blimp1,blimp1_13_hb-Airyscan Processing-390-Channel Alignment (Extended)-396,CH1_633nm,combined_file,1.8,0.007586,0.0,11825.0,767,Z:\Sujay\RNAi screen\DNA-FISH_RNAi_screen\AP_file_2026\AP_files\OUTPUT\logs\blimp1_13_hb-Airyscan Processing-390-Channel Alignment (Extended)-396_RSFISH_LOG.txt
Blimp1,blimp1_13_hb-Airyscan Processing-390-Channel Alignment (Extended)-396,CH2_555nm,combined_file,1.8,0.007551,0.0,24096.0,26741,Z:\Sujay\RNAi screen\DNA-FISH_RNAi_screen\AP_file_2026\AP_files\OUTPUT\logs\blimp1_13_hb-Airyscan Processing-390-Channel Alignment (Extended)-396_RSFISH_LOG.txt
Blimp1,blimp1_13_hb-Airyscan Processing-390-Channel Alignment (Extended)-396,CH3_488nm,combined_file,1.8,0.01073,0.0,6342.0,526791,Z:\Sujay\RNAi screen\DNA-FISH_RNAi_screen\AP_file_2026\AP_files\OUTPUT\logs\blimp1_13_hb-Airyscan Processing-390-Channel Alignment (Extended)-396_RSFISH_LOG.txt
CTCF,CTCF_10_HU-Airyscan Processing-125-Channel Alignment (Extended)-136,CH1_633nm,combined_file,1.8,0.01001,0.0,14441.0,703,Z:\Sujay\RNAi screen\DNA-FISH_RNAi_screen\AP_file_2026\AP_files\OUTPUT\logs\CTCF_10_HU-Airyscan Processing-125-Channel Alignment (Extended)-136_RSFISH_LOG.txt
CTCF,CTCF_10_HU-Airyscan Processing-125-Channel Alignment (Extended)-136,CH2_555nm,combined_file,1.8,0.01001,0.0,46499.0,1103,Z:\Sujay\RNAi screen\DNA-FISH_RNAi_screen\AP_file_2026\AP_files\OUTPUT\logs\CTCF_10_HU-Airyscan Processing-125-Channel Alignment (Extended)-136_RSFISH_LOG.txt
CTCF,CTCF_10_HU-Airyscan Processing-125-Channel Alignment (Extended)-136,CH3_488nm,combined_file,1.8,0.01573,0.0,7448.0,2913,Z:\Sujay\RNAi screen\DNA-FISH_RNAi_screen\AP_file_2026\AP_files\OUTPUT\logs\CTCF_10_HU-Airyscan Processing-125-Channel Alignment (Extended)-136_RSFISH_LOG.txt
CTCF,CTCF_11_HD-Airyscan Processing-141-Channel Alignment (Extended)-142,CH1_633nm,per_channel_file,1.8,0.002786,0.0,20473.0,2992,Z:\Sujay\RNAi screen\DNA-FISH_RNAi_screen\AP_file_2026\AP_files\OUTPUT\logs\CTCF_11_HD-Airyscan Processing-141-Channel Alignment (Extended)-142_CH1_633nm_RSFISH_LOG.txt
CTCF,CTCF_11_HD-Airyscan Processing-141-Channel Alignment (Extended)-142,CH2_555nm,combined_file,1.8,0.01001,0.0,29472.0,1490,Z:\Sujay\RNAi screen\DNA-FISH_RNAi_screen\AP_file_2026\AP_files\OUTPUT\logs\CTCF_11_HD-Airyscan Processing-141-Channel Alignment (Extended)-142_RSFISH_LOG.txt
CTCF,CTCF_11_HD-Airyscan Processing-141-Channel Alignment (Extended)-142,CH3_488nm,combined_file,1.8,0.01573,0.0,7726.0,1041,Z:\Sujay\RNAi screen\DNA-FISH_RNAi_screen\AP_file_2026\AP_files\OUTPUT\logs\CTCF_11_HD-Airyscan Processing-141-Channel Alignment (Extended)-142_RSFISH_LOG.txt
CTCF,CTCF_12_HR-Airyscan Processing-127-Channel Alignment (Extended)-137,CH1_633nm,combined_file,1.8,0.01001,0.0,10595.0,1602,Z:\Sujay\RNAi screen\DNA-FISH_RNAi_screen\AP_file_2026\AP_files\OUTPUT\logs\CTCF_12_HR-Airyscan Processing-127-Channel Alignment (Extended)-137_RSFISH_LOG.txt
CTCF,CTCF_12_HR-Airyscan Processing-127-Channel Alignment (Extended)-137,CH2_555nm,combined_file,1.8,0.01001,0.0,33798.0,2536,Z:\Sujay\RNAi screen\DNA-FISH_RNAi_screen\AP_file_2026\AP_files\OUTPUT\logs\CTCF_12_HR-Airyscan Processing-127-Channel Alignment (Extended)-137_RSFISH_LOG.txt
CTCF,CTCF_12_HR-Airyscan Processing-127-Channel Alignment (Extended)-137,CH3_488nm,combined_file,1.8,0.01573,0.0,7449.0,2209,Z:\Sujay\RNAi screen\DNA-FISH_RNAi_screen\AP_file_2026\AP_files\OUTPUT\logs\CTCF_12_HR-Airyscan Processing-127-Channel Alignment (Extended)-137_RSFISH_LOG.txt
CTCF,CTCF_13_HR-Airyscan Processing-129-Channel Alignment (Extended)-138,CH1_633nm,per_channel_file,1.8,0.002786,0.0,17286.0,33223,Z:\Sujay\RNAi screen\DNA-FISH_RNAi_screen\AP_file_2026\AP_files\OUTPUT\logs\CTCF_13_HR-Airyscan Processing-129-Channel Alignment (Extended)-138_CH1_633nm_RSFISH_LOG.txt
CTCF,CTCF_13_HR-Airyscan Processing-129-Channel Alignment (Extended)-138,CH2_555nm,combined_file,1.8,0.01001,0.0,38214.0,1680,Z:\Sujay\RNAi screen\DNA-FISH_RNAi_screen\AP_file_2026\AP_files\OUTPUT\logs\CTCF_13_HR-Airyscan Processing-129-Channel Alignment (Extended)-138_RSFISH_LOG.txt
CTCF,CTCF_13_HR-Airyscan Processing-129-Channel Alignment (Extended)-138,CH3_488nm,combined_file,1.8,0.01573,0.0,6999.0,26558,Z:\Sujay\RNAi screen\DNA-FISH_RNAi_screen\AP_file_2026\AP_files\OUTPUT\logs\CTCF_13_HR-Airyscan Processing-129-Channel Alignment (Extended)-138_RSFISH_LOG.txt
CTCF,CTCF_14_HL-Airyscan Processing-130-Channel Alignment (Extended)-139,CH1_633nm,combined_file,1.8,0.01001,0.0,16715.0,516,Z:\Sujay\RNAi screen\DNA-FISH_RNAi_screen\AP_file_2026\AP_files\OUTPUT\logs\CTCF_14_HL-Airyscan Processing-130-Channel Alignment (Extended)-139_RSFISH_LOG.txt
CTCF,CTCF_14_HL-Airyscan Processing-130-Channel Alignment (Extended)-139,CH2_555nm,combined_file,1.8,0.01001,0.0,34251.0,2772,Z:\Sujay\RNAi screen\DNA-FISH_RNAi_screen\AP_file_2026\AP_files\OUTPUT\logs\CTCF_14_HL-Airyscan Processing-130-Channel Alignment (Extended)-139_RSFISH_LOG.txt
CTCF,CTCF_14_HL-Airyscan Processing-130-Channel Alignment (Extended)-139,CH3_488nm,combined_file,1.8,0.01573,0.0,7608.0,15713,Z:\Sujay\RNAi screen\DNA-FISH_RNAi_screen\AP_file_2026\AP_files\OUTPUT\logs\CTCF_14_HL-Airyscan Processing-130-Channel Alignment (Extended)-139_RSFISH_LOG.txt
CTCF,CTCF_15_HL-Airyscan Processing-131-Channel Alignment (Extended)-140,CH1_633nm,per_channel_file,1.8,0.002786,0.0,21944.0,4844,Z:\Sujay\RNAi screen\DNA-FISH_RNAi_screen\AP_file_2026\AP_files\OUTPUT\logs\CTCF_15_HL-Airyscan Processing-131-Channel Alignment (Extended)-140_CH1_633nm_RSFISH_LOG.txt
CTCF,CTCF_15_HL-Airyscan Processing-131-Channel Alignment (Extended)-140,CH2_555nm,combined_file,1.8,0.01001,0.0,38410.0,2004,Z:\Sujay\RNAi screen\DNA-FISH_RNAi_screen\AP_file_2026\AP_files\OUTPUT\logs\CTCF_15_HL-Airyscan Processing-131-Channel Alignment (Extended)-140_RSFISH_LOG.txt
CTCF,CTCF_15_HL-Airyscan Processing-131-Channel Alignment (Extended)-140,CH3_488nm,combined_file,1.8,0.01573,0.0,10590.0,5787,Z:\Sujay\RNAi screen\DNA-FISH_RNAi_screen\AP_file_2026\AP_files\OUTPUT\logs\CTCF_15_HL-Airyscan Processing-131-Channel Alignment (Extended)-140_RSFISH_LOG.txt
CTCF,CTCF_1_HR-Airyscan Processing-114-Channel Alignment (Extended)-119,CH1_633nm,combined_file,1.8,0.01001,0.0,7478.0,2244,Z:\Sujay\RNAi screen\DNA-FISH_RNAi_screen\AP_file_2026\AP_files\OUTPUT\logs\CTCF_1_HR-Airyscan Processing-114-Channel Alignment (Extended)-119_RSFISH_LOG.txt
CTCF,CTCF_1_HR-Airyscan Processing-114-Channel Alignment (Extended)-119,CH2_555nm,combined_file,1.8,0.01001,0.0,48575.0,724,Z:\Sujay\RNAi screen\DNA-FISH_RNAi_screen\AP_file_2026\AP_files\OUTPUT\logs\CTCF_1_HR-Airyscan Processing-114-Channel Alignment (Extended)-119_RSFISH_LOG.txt
CTCF,CTCF_1_HR-Airyscan Processing-114-Channel Alignment (Extended)-119,CH3_488nm,combined_file,1.8,0.01573,0.0,6563.0,3090,Z:\Sujay\RNAi screen\DNA-FISH_RNAi_screen\AP_file_2026\AP_files\OUTPUT\logs\CTCF_1_HR-Airyscan Processing-114-Channel Alignment (Extended)-119_RSFISH_LOG.txt
CTCF,CTCF_2_HB-Airyscan Processing-113-Channel Alignment (Extended)-118,CH1_633nm,per_channel_file,1.8,0.002786,0.0,19034.0,6798,Z:\Sujay\RNAi screen\DNA-FISH_RNAi_screen\AP_file_2026\AP_files\OUTPUT\logs\CTCF_2_HB-Airyscan Processing-113-Channel Alignment (Extended)-118_CH1_633nm_RSFISH_LOG.txt
CTCF,CTCF_2_HB-Airyscan Processing-113-Channel Alignment (Extended)-118,CH2_555nm,combined_file,1.8,0.01001,0.0,41084.0,1199,Z:\Sujay\RNAi screen\DNA-FISH_RNAi_screen\AP_file_2026\AP_files\OUTPUT\logs\CTCF_2_HB-Airyscan Processing-113-Channel Alignment (Extended)-118_RSFISH_LOG.txt
CTCF,CTCF_2_HB-Airyscan Processing-113-Channel Alignment (Extended)-118,CH3_488nm,combined_file,1.8,0.01573,0.0,6978.0,1351,Z:\Sujay\RNAi screen\DNA-FISH_RNAi_screen\AP_file_2026\AP_files\OUTPUT\logs\CTCF_2_HB-Airyscan Processing-113-Channel Alignment (Extended)-118_RSFISH_LOG.txt
CTCF,CTCF_3_HD-Airyscan Processing-112-Channel Alignment (Extended)-117,CH1_633nm,per_channel_file,1.8,0.002786,0.0,65535.0,1177,Z:\Sujay\RNAi screen\DNA-FISH_RNAi_screen\AP_file_2026\AP_files\OUTPUT\logs\CTCF_3_HD-Airyscan Processing-112-Channel Alignment (Extended)-117_CH1_633nm_RSFISH_LOG.txt
CTCF,CTCF_3_HD-Airyscan Processing-112-Channel Alignment (Extended)-117,CH2_555nm,combined_file,1.8,0.01001,0.0,65533.0,1468,Z:\Sujay\RNAi screen\DNA-FISH_RNAi_screen\AP_file_2026\AP_files\OUTPUT\logs\CTCF_3_HD-Airyscan Processing-112-Channel Alignment (Extended)-117_RSFISH_LOG.txt
CTCF,CTCF_3_HD-Airyscan Processing-112-Channel Alignment (Extended)-117,CH3_488nm,combined_file,1.8,0.01573,0.0,15134.0,1450,Z:\Sujay\RNAi screen\DNA-FISH_RNAi_screen\AP_file_2026\AP_files\OUTPUT\logs\CTCF_3_HD-Airyscan Processing-112-Channel Alignment (Extended)-117_RSFISH_LOG.txt
CTCF,CTCF_5_HU-Airyscan Processing-111-Channel Alignment (Extended)-116,CH1_633nm,per_channel_file,1.8,0.002786,0.0,22082.0,6956,Z:\Sujay\RNAi screen\DNA-FISH_RNAi_screen\AP_file_2026\AP_files\OUTPUT\logs\CTCF_5_HU-Airyscan Processing-111-Channel Alignment (Extended)-116_CH1_633nm_RSFISH_LOG.txt
CTCF,CTCF_5_HU-Airyscan Processing-111-Channel Alignment (Extended)-116,CH2_555nm,combined_file,1.8,0.01001,0.0,44092.0,856,Z:\Sujay\RNAi screen\DNA-FISH_RNAi_screen\AP_file_2026\AP_files\OUTPUT\logs\CTCF_5_HU-Airyscan Processing-111-Channel Alignment (Extended)-116_RSFISH_LOG.txt
CTCF,CTCF_5_HU-Airyscan Processing-111-Channel Alignment (Extended)-116,CH3_488nm,combined_file,1.8,0.01573,0.0,6617.0,2196,Z:\Sujay\RNAi screen\DNA-FISH_RNAi_screen\AP_file_2026\AP_files\OUTPUT\logs\CTCF_5_HU-Airyscan Processing-111-Channel Alignment (Extended)-116_RSFISH_LOG.txt
CTCF,CTCF_6_HD-Airyscan Processing-110-Channel Alignment (Extended)-115,CH1_633nm,per_channel_file,1.8,0.002786,0.0,19762.0,1859,Z:\Sujay\RNAi screen\DNA-FISH_RNAi_screen\AP_file_2026\AP_files\OUTPUT\logs\CTCF_6_HD-Airyscan Processing-110-Channel Alignment (Extended)-115_CH1_633nm_RSFISH_LOG.txt
CTCF,CTCF_6_HD-Airyscan Processing-110-Channel Alignment (Extended)-115,CH2_555nm,combined_file,1.8,0.01001,0.0,41194.0,865,Z:\Sujay\RNAi screen\DNA-FISH_RNAi_screen\AP_file_2026\AP_files\OUTPUT\logs\CTCF_6_HD-Airyscan Processing-110-Channel Alignment (Extended)-115_RSFISH_LOG.txt
CTCF,CTCF_6_HD-Airyscan Processing-110-Channel Alignment (Extended)-115,CH3_488nm,combined_file,1.8,0.01573,0.0,7280.0,927,Z:\Sujay\RNAi screen\DNA-FISH_RNAi_screen\AP_file_2026\AP_files\OUTPUT\logs\CTCF_6_HD-Airyscan Processing-110-Channel Alignment (Extended)-115_RSFISH_LOG.txt
CTCF,CTCF_6_HD-Airyscan Processing-120-Channel Alignment (Extended)-132,CH1_633nm,per_channel_file,1.8,0.002786,0.0,19762.0,1859,Z:\Sujay\RNAi screen\DNA-FISH_RNAi_screen\AP_file_2026\AP_files\OUTPUT\logs\CTCF_6_HD-Airyscan Processing-120-Channel Alignment (Extended)-132_CH1_633nm_RSFISH_LOG.txt
CTCF,CTCF_6_HD-Airyscan Processing-120-Channel Alignment (Extended)-132,CH2_555nm,combined_file,1.8,0.01001,0.0,41194.0,865,Z:\Sujay\RNAi screen\DNA-FISH_RNAi_screen\AP_file_2026\AP_files\OUTPUT\logs\CTCF_6_HD-Airyscan Processing-120-Channel Alignment (Extended)-132_RSFISH_LOG.txt
CTCF,CTCF_6_HD-Airyscan Processing-120-Channel Alignment (Extended)-132,CH3_488nm,combined_file,1.8,0.01573,0.0,7280.0,927,Z:\Sujay\RNAi screen\DNA-FISH_RNAi_screen\AP_file_2026\AP_files\OUTPUT\logs\CTCF_6_HD-Airyscan Processing-120-Channel Alignment (Extended)-132_RSFISH_LOG.txt
CTCF,CTCF_7_RH-Airyscan Processing-121-Channel Alignment (Extended)-133,CH1_633nm,combined_file,1.8,0.01001,0.0,5529.0,2590,Z:\Sujay\RNAi screen\DNA-FISH_RNAi_screen\AP_file_2026\AP_files\OUTPUT\logs\CTCF_7_RH-Airyscan Processing-121-Channel Alignment (Extended)-133_RSFISH_LOG.txt
CTCF,CTCF_7_RH-Airyscan Processing-121-Channel Alignment (Extended)-133,CH2_555nm,combined_file,1.8,0.01001,0.0,34994.0,1780,Z:\Sujay\RNAi screen\DNA-FISH_RNAi_screen\AP_file_2026\AP_files\OUTPUT\logs\CTCF_7_RH-Airyscan Processing-121-Channel Alignment (Extended)-133_RSFISH_LOG.txt
CTCF,CTCF_7_RH-Airyscan Processing-121-Channel Alignment (Extended)-133,CH3_488nm,combined_file,1.8,0.01573,0.0,8651.0,1634,Z:\Sujay\RNAi screen\DNA-FISH_RNAi_screen\AP_file_2026\AP_files\OUTPUT\logs\CTCF_7_RH-Airyscan Processing-121-Channel Alignment (Extended)-133_RSFISH_LOG.txt
CTCF,CTCF_8_LH-Airyscan Processing-122-Channel Alignment (Extended)-134,CH1_633nm,combined_file,1.8,0.01001,0.0,7149.0,2157,Z:\Sujay\RNAi screen\DNA-FISH_RNAi_screen\AP_file_2026\AP_files\OUTPUT\logs\CTCF_8_LH-Airyscan Processing-122-Channel Alignment (Extended)-134_RSFISH_LOG.txt
CTCF,CTCF_8_LH-Airyscan Processing-122-Channel Alignment (Extended)-134,CH2_555nm,combined_file,1.8,0.01001,0.0,28515.0,2591,Z:\Sujay\RNAi screen\DNA-FISH_RNAi_screen\AP_file_2026\AP_files\OUTPUT\logs\CTCF_8_LH-Airyscan Processing-122-Channel Alignment (Extended)-134_RSFISH_LOG.txt
CTCF,CTCF_8_LH-Airyscan Processing-122-Channel Alignment (Extended)-134,CH3_488nm,combined_file,1.8,0.01573,0.0,9724.0,1288,Z:\Sujay\RNAi screen\DNA-FISH_RNAi_screen\AP_file_2026\AP_files\OUTPUT\logs\CTCF_8_LH-Airyscan Processing-122-Channel Alignment (Extended)-134_RSFISH_LOG.txt
CTCF,CTCF_9_HL-Airyscan Processing-123-Channel Alignment (Extended)-135,CH1_633nm,per_channel_file,1.8,0.002786,0.0,23990.0,1702,Z:\Sujay\RNAi screen\DNA-FISH_RNAi_screen\AP_file_2026\AP_files\OUTPUT\logs\CTCF_9_HL-Airyscan Processing-123-Channel Alignment (Extended)-135_CH1_633nm_RSFISH_LOG.txt
CTCF,CTCF_9_HL-Airyscan Processing-123-Channel Alignment (Extended)-135,CH2_555nm,combined_file,1.8,0.01001,0.0,30340.0,1872,Z:\Sujay\RNAi screen\DNA-FISH_RNAi_screen\AP_file_2026\AP_files\OUTPUT\logs\CTCF_9_HL-Airyscan Processing-123-Channel Alignment (Extended)-135_RSFISH_LOG.txt
CTCF,CTCF_9_HL-Airyscan Processing-123-Channel Alignment (Extended)-135,CH3_488nm,combined_file,1.8,0.01573,0.0,9286.0,1202,Z:\Sujay\RNAi screen\DNA-FISH_RNAi_screen\AP_file_2026\AP_files\OUTPUT\logs\CTCF_9_HL-Airyscan Processing-123-Channel Alignment (Extended)-135_RSFISH_LOG.txt
EXD,EXD_10_HR-Airyscan Processing-06-Channel Alignment (Extended)-15,CH1_633nm,combined_file,1.8,0.01001,0.0,4968.0,3435,Z:\Sujay\RNAi screen\DNA-FISH_RNAi_screen\AP_file_2026\AP_files\OUTPUT\logs\EXD_10_HR-Airyscan Processing-06-Channel Alignment (Extended)-15_RSFISH_LOG.txt
EXD,EXD_10_HR-Airyscan Processing-06-Channel Alignment (Extended)-15,CH2_555nm,combined_file,1.8,0.01001,0.0,15034.0,1233,Z:\Sujay\RNAi screen\DNA-FISH_RNAi_screen\AP_file_2026\AP_files\OUTPUT\logs\EXD_10_HR-Airyscan Processing-06-Channel Alignment (Extended)-15_RSFISH_LOG.txt
EXD,EXD_10_HR-Airyscan Processing-06-Channel Alignment (Extended)-15,CH3_488nm,combined_file,1.8,0.01573,0.0,6368.0,669,Z:\Sujay\RNAi screen\DNA-FISH_RNAi_screen\AP_file_2026\AP_files\OUTPUT\logs\EXD_10_HR-Airyscan Processing-06-Channel Alignment (Extended)-15_RSFISH_LOG.txt
EXD,EXD_11_HR-Airyscan Processing-07-Channel Alignment (Extended)-16,CH1_633nm,combined_file,1.8,0.01001,0.0,3760.0,21977,Z:\Sujay\RNAi screen\DNA-FISH_RNAi_screen\AP_file_2026\AP_files\OUTPUT\logs\EXD_11_HR-Airyscan Processing-07-Channel Alignment (Extended)-16_RSFISH_LOG.txt
EXD,EXD_11_HR-Airyscan Processing-07-Channel Alignment (Extended)-16,CH2_555nm,combined_file,1.8,0.01001,0.0,14005.0,2014,Z:\Sujay\RNAi screen\DNA-FISH_RNAi_screen\AP_file_2026\AP_files\OUTPUT\logs\EXD_11_HR-Airyscan Processing-07-Channel Alignment (Extended)-16_RSFISH_LOG.txt
EXD,EXD_11_HR-Airyscan Processing-07-Channel Alignment (Extended)-16,CH3_488nm,combined_file,1.8,0.01573,0.0,7134.0,875,Z:\Sujay\RNAi screen\DNA-FISH_RNAi_screen\AP_file_2026\AP_files\OUTPUT\logs\EXD_11_HR-Airyscan Processing-07-Channel Alignment (Extended)-16_RSFISH_LOG.txt
EXD,EXD_12_HB-Airyscan Processing-08-Channel Alignment (Extended)-17,CH1_633nm,combined_file,1.8,0.01001,0.0,5376.0,3109,Z:\Sujay\RNAi screen\DNA-FISH_RNAi_screen\AP_file_2026\AP_files\OUTPUT\logs\EXD_12_HB-Airyscan Processing-08-Channel Alignment (Extended)-17_RSFISH_LOG.txt
EXD,EXD_12_HB-Airyscan Processing-08-Channel Alignment (Extended)-17,CH2_555nm,combined_file,1.8,0.01001,0.0,17158.0,1657,Z:\Sujay\RNAi screen\DNA-FISH_RNAi_screen\AP_file_2026\AP_files\OUTPUT\logs\EXD_12_HB-Airyscan Processing-08-Channel Alignment (Extended)-17_RSFISH_LOG.txt
EXD,EXD_12_HB-Airyscan Processing-08-Channel Alignment (Extended)-17,CH3_488nm,combined_file,1.8,0.01573,0.0,6286.0,1263,Z:\Sujay\RNAi screen\DNA-FISH_RNAi_screen\AP_file_2026\AP_files\OUTPUT\logs\EXD_12_HB-Airyscan Processing-08-Channel Alignment (Extended)-17_RSFISH_LOG.txt
EXD,EXD_13_HB-Airyscan Processing-09-Channel Alignment (Extended)-18,CH1_633nm,combined_file,1.8,0.01001,0.0,3554.0,35019,Z:\Sujay\RNAi screen\DNA-FISH_RNAi_screen\AP_file_2026\AP_files\OUTPUT\logs\EXD_13_HB-Airyscan Processing-09-Channel Alignment (Extended)-18_RSFISH_LOG.txt
EXD,EXD_13_HB-Airyscan Processing-09-Channel Alignment (Extended)-18,CH2_555nm,per_channel_file,1.8,0.007551,0.0,37778.0,892,Z:\Sujay\RNAi screen\DNA-FISH_RNAi_screen\AP_file_2026\AP_files\OUTPUT\logs\EXD_13_HB-Airyscan Processing-09-Channel Alignment (Extended)-18_CH2_555nm_RSFISH_LOG.txt
EXD,EXD_13_HB-Airyscan Processing-09-Channel Alignment (Extended)-18,CH3_488nm,combined_file,1.8,0.01573,0.0,7675.0,622,Z:\Sujay\RNAi screen\DNA-FISH_RNAi_screen\AP_file_2026\AP_files\OUTPUT\logs\EXD_13_HB-Airyscan Processing-09-Channel Alignment (Extended)-18_RSFISH_LOG.txt
EXD,EXD_14_HL-Airyscan Processing-10-Channel Alignment (Extended)-19,CH1_633nm,per_channel_file,1.8,0.002786,0.0,12411.0,68171,Z:\Sujay\RNAi screen\DNA-FISH_RNAi_screen\AP_file_2026\AP_files\OUTPUT\logs\EXD_14_HL-Airyscan Processing-10-Channel Alignment (Extended)-19_CH1_633nm_RSFISH_LOG.txt
EXD,EXD_14_HL-Airyscan Processing-10-Channel Alignment (Extended)-19,CH2_555nm,combined_file,1.8,0.01001,0.0,14374.0,1769,Z:\Sujay\RNAi screen\DNA-FISH_RNAi_screen\AP_file_2026\AP_files\OUTPUT\logs\EXD_14_HL-Airyscan Processing-10-Channel Alignment (Extended)-19_RSFISH_LOG.txt
EXD,EXD_14_HL-Airyscan Processing-10-Channel Alignment (Extended)-19,CH3_488nm,combined_file,1.8,0.01573,0.0,8589.0,581,Z:\Sujay\RNAi screen\DNA-FISH_RNAi_screen\AP_file_2026\AP_files\OUTPUT\logs\EXD_14_HL-Airyscan Processing-10-Channel Alignment (Extended)-19_RSFISH_LOG.txt
EXD,EXD_15_HL-Airyscan Processing-11-Channel Alignment (Extended)-25,CH1_633nm,per_channel_file,1.8,0.002786,0.0,23374.0,3722,Z:\Sujay\RNAi screen\DNA-FISH_RNAi_screen\AP_file_2026\AP_files\OUTPUT\logs\EXD_15_HL-Airyscan Processing-11-Channel Alignment (Extended)-25_CH1_633nm_RSFISH_LOG.txt
EXD,EXD_15_HL-Airyscan Processing-11-Channel Alignment (Extended)-25,CH2_555nm,combined_file,1.8,0.01001,0.0,12384.0,6587,Z:\Sujay\RNAi screen\DNA-FISH_RNAi_screen\AP_file_2026\AP_files\OUTPUT\logs\EXD_15_HL-Airyscan Processing-11-Channel Alignment (Extended)-25_RSFISH_LOG.txt
EXD,EXD_15_HL-Airyscan Processing-11-Channel Alignment (Extended)-25,CH3_488nm,combined_file,1.8,0.01573,0.0,7200.0,2637,Z:\Sujay\RNAi screen\DNA-FISH_RNAi_screen\AP_file_2026\AP_files\OUTPUT\logs\EXD_15_HL-Airyscan Processing-11-Channel Alignment (Extended)-25_RSFISH_LOG.txt
EXD,EXD_1_HL-Airyscan Processing-01-Channel Alignment (Extended)-38,CH1_633nm,per_channel_file,1.8,0.002786,0.0,31627.0,924,Z:\Sujay\RNAi screen\DNA-FISH_RNAi_screen\AP_file_2026\AP_files\OUTPUT\logs\EXD_1_HL-Airyscan Processing-01-Channel Alignment (Extended)-38_CH1_633nm_RSFISH_LOG.txt
EXD,EXD_1_HL-Airyscan Processing-01-Channel Alignment (Extended)-38,CH2_555nm,combined_file,1.8,0.01001,0.0,30394.0,1283,Z:\Sujay\RNAi screen\DNA-FISH_RNAi_screen\AP_file_2026\AP_files\OUTPUT\logs\EXD_1_HL-Airyscan Processing-01-Channel Alignment (Extended)-38_RSFISH_LOG.txt
EXD,EXD_1_HL-Airyscan Processing-01-Channel Alignment (Extended)-38,CH3_488nm,combined_file,1.8,0.01573,0.0,6635.0,1294,Z:\Sujay\RNAi screen\DNA-FISH_RNAi_screen\AP_file_2026\AP_files\OUTPUT\logs\EXD_1_HL-Airyscan Processing-01-Channel Alignment (Extended)-38_RSFISH_LOG.txt
EXD,EXD_2_HB-Airyscan Processing-02-Channel Alignment (Extended)-39,CH1_633nm,combined_file,1.8,0.01001,0.0,8004.0,1103,Z:\Sujay\RNAi screen\DNA-FISH_RNAi_screen\AP_file_2026\AP_files\OUTPUT\logs\EXD_2_HB-Airyscan Processing-02-Channel Alignment (Extended)-39_RSFISH_LOG.txt
EXD,EXD_2_HB-Airyscan Processing-02-Channel Alignment (Extended)-39,CH2_555nm,combined_file,1.8,0.01001,0.0,27479.0,1150,Z:\Sujay\RNAi screen\DNA-FISH_RNAi_screen\AP_file_2026\AP_files\OUTPUT\logs\EXD_2_HB-Airyscan Processing-02-Channel Alignment (Extended)-39_RSFISH_LOG.txt
EXD,EXD_2_HB-Airyscan Processing-02-Channel Alignment (Extended)-39,CH3_488nm,combined_file,1.8,0.01573,0.0,6980.0,1104,Z:\Sujay\RNAi screen\DNA-FISH_RNAi_screen\AP_file_2026\AP_files\OUTPUT\logs\EXD_2_HB-Airyscan Processing-02-Channel Alignment (Extended)-39_RSFISH_LOG.txt
EXD,EXD_3_HL-Airyscan Processing-03-Channel Alignment (Extended)-40,CH1_633nm,combined_file,1.8,0.01001,0.0,3601.0,36174,Z:\Sujay\RNAi screen\DNA-FISH_RNAi_screen\AP_file_2026\AP_files\OUTPUT\logs\EXD_3_HL-Airyscan Processing-03-Channel Alignment (Extended)-40_RSFISH_LOG.txt
EXD,EXD_3_HL-Airyscan Processing-03-Channel Alignment (Extended)-40,CH2_555nm,combined_file,1.8,0.01001,0.0,14717.0,1804,Z:\Sujay\RNAi screen\DNA-FISH_RNAi_screen\AP_file_2026\AP_files\OUTPUT\logs\EXD_3_HL-Airyscan Processing-03-Channel Alignment (Extended)-40_RSFISH_LOG.txt
EXD,EXD_3_HL-Airyscan Processing-03-Channel Alignment (Extended)-40,CH3_488nm,combined_file,1.8,0.01573,0.0,6712.0,752,Z:\Sujay\RNAi screen\DNA-FISH_RNAi_screen\AP_file_2026\AP_files\OUTPUT\logs\EXD_3_HL-Airyscan Processing-03-Channel Alignment (Extended)-40_RSFISH_LOG.txt
EXD,EXD_4_HR-Airyscan Processing-01-Channel Alignment (Extended)-20,CH1_633nm,per_channel_file,1.8,0.002786,0.0,17766.0,2202,Z:\Sujay\RNAi screen\DNA-FISH_RNAi_screen\AP_file_2026\AP_files\OUTPUT\logs\EXD_4_HR-Airyscan Processing-01-Channel Alignment (Extended)-20_CH1_633nm_RSFISH_LOG.txt
EXD,EXD_4_HR-Airyscan Processing-01-Channel Alignment (Extended)-20,CH2_555nm,combined_file,1.8,0.01001,0.0,21335.0,1694,Z:\Sujay\RNAi screen\DNA-FISH_RNAi_screen\AP_file_2026\AP_files\OUTPUT\logs\EXD_4_HR-Airyscan Processing-01-Channel Alignment (Extended)-20_RSFISH_LOG.txt
EXD,EXD_4_HR-Airyscan Processing-01-Channel Alignment (Extended)-20,CH3_488nm,combined_file,1.8,0.01573,0.0,8297.0,786,Z:\Sujay\RNAi screen\DNA-FISH_RNAi_screen\AP_file_2026\AP_files\OUTPUT\logs\EXD_4_HR-Airyscan Processing-01-Channel Alignment (Extended)-20_RSFISH_LOG.txt
EXD,EXD_5_HR-Airyscan Processing-02-Channel Alignment (Extended)-21,CH1_633nm,combined_file,1.8,0.01001,0.0,4022.0,25483,Z:\Sujay\RNAi screen\DNA-FISH_RNAi_screen\AP_file_2026\AP_files\OUTPUT\logs\EXD_5_HR-Airyscan Processing-02-Channel Alignment (Extended)-21_RSFISH_LOG.txt
EXD,EXD_5_HR-Airyscan Processing-02-Channel Alignment (Extended)-21,CH2_555nm,combined_file,1.8,0.01001,0.0,15751.0,1801,Z:\Sujay\RNAi screen\DNA-FISH_RNAi_screen\AP_file_2026\AP_files\OUTPUT\logs\EXD_5_HR-Airyscan Processing-02-Channel Alignment (Extended)-21_RSFISH_LOG.txt
EXD,EXD_5_HR-Airyscan Processing-02-Channel Alignment (Extended)-21,CH3_488nm,combined_file,1.8,0.01573,0.0,7076.0,883,Z:\Sujay\RNAi screen\DNA-FISH_RNAi_screen\AP_file_2026\AP_files\OUTPUT\logs\EXD_5_HR-Airyscan Processing-02-Channel Alignment (Extended)-21_RSFISH_LOG.txt
EXD,EXD_6_HB-Airyscan Processing-03-Channel Alignment (Extended)-22,CH1_633nm,per_channel_file,1.8,0.002786,0.0,29433.0,1182,Z:\Sujay\RNAi screen\DNA-FISH_RNAi_screen\AP_file_2026\AP_files\OUTPUT\logs\EXD_6_HB-Airyscan Processing-03-Channel Alignment (Extended)-22_CH1_633nm_RSFISH_LOG.txt
EXD,EXD_6_HB-Airyscan Processing-03-Channel Alignment (Extended)-22,CH2_555nm,combined_file,1.8,0.01001,0.0,20124.0,1990,Z:\Sujay\RNAi screen\DNA-FISH_RNAi_screen\AP_file_2026\AP_files\OUTPUT\logs\EXD_6_HB-Airyscan Processing-03-Channel Alignment (Extended)-22_RSFISH_LOG.txt
EXD,EXD_6_HB-Airyscan Processing-03-Channel Alignment (Extended)-22,CH3_488nm,combined_file,1.8,0.01573,0.0,6908.0,826,Z:\Sujay\RNAi screen\DNA-FISH_RNAi_screen\AP_file_2026\AP_files\OUTPUT\logs\EXD_6_HB-Airyscan Processing-03-Channel Alignment (Extended)-22_RSFISH_LOG.txt
EXD,EXD_7_HB-Airyscan Processing-04-Channel Alignment (Extended)-41,CH1_633nm,per_channel_file,1.8,0.002786,0.0,18630.0,8823,Z:\Sujay\RNAi screen\DNA-FISH_RNAi_screen\AP_file_2026\AP_files\OUTPUT\logs\EXD_7_HB-Airyscan Processing-04-Channel Alignment (Extended)-41_CH1_633nm_RSFISH_LOG.txt
EXD,EXD_7_HB-Airyscan Processing-04-Channel Alignment (Extended)-41,CH2_555nm,combined_file,1.8,0.01001,0.0,9515.0,10695,Z:\Sujay\RNAi screen\DNA-FISH_RNAi_screen\AP_file_2026\AP_files\OUTPUT\logs\EXD_7_HB-Airyscan Processing-04-Channel Alignment (Extended)-41_RSFISH_LOG.txt
EXD,EXD_7_HB-Airyscan Processing-04-Channel Alignment (Extended)-41,CH3_488nm,combined_file,1.8,0.01573,0.0,8265.0,977,Z:\Sujay\RNAi screen\DNA-FISH_RNAi_screen\AP_file_2026\AP_files\OUTPUT\logs\EXD_7_HB-Airyscan Processing-04-Channel Alignment (Extended)-41_RSFISH_LOG.txt
EXD,EXD_8_HB-Airyscan Processing-04-Channel Alignment (Extended)-23,CH1_633nm,per_channel_file,1.8,0.002786,0.0,12408.0,61030,Z:\Sujay\RNAi screen\DNA-FISH_RNAi_screen\AP_file_2026\AP_files\OUTPUT\logs\EXD_8_HB-Airyscan Processing-04-Channel Alignment (Extended)-23_CH1_633nm_RSFISH_LOG.txt
EXD,EXD_8_HB-Airyscan Processing-04-Channel Alignment (Extended)-23,CH2_555nm,combined_file,1.8,0.01001,0.0,20427.0,1846,Z:\Sujay\RNAi screen\DNA-FISH_RNAi_screen\AP_file_2026\AP_files\OUTPUT\logs\EXD_8_HB-Airyscan Processing-04-Channel Alignment (Extended)-23_RSFISH_LOG.txt
EXD,EXD_8_HB-Airyscan Processing-04-Channel Alignment (Extended)-23,CH3_488nm,combined_file,1.8,0.01573,0.0,7265.0,926,Z:\Sujay\RNAi screen\DNA-FISH_RNAi_screen\AP_file_2026\AP_files\OUTPUT\logs\EXD_8_HB-Airyscan Processing-04-Channel Alignment (Extended)-23_RSFISH_LOG.txt
EXD,EXD_9_HU-Airyscan Processing-05-Channel Alignment (Extended)-24,CH1_633nm,combined_file,1.8,0.01001,0.0,6342.0,1959,Z:\Sujay\RNAi screen\DNA-FISH_RNAi_screen\AP_file_2026\AP_files\OUTPUT\logs\EXD_9_HU-Airyscan Processing-05-Channel Alignment (Extended)-24_RSFISH_LOG.txt
EXD,EXD_9_HU-Airyscan Processing-05-Channel Alignment (Extended)-24,CH2_555nm,combined_file,1.8,0.01001,0.0,21872.0,1921,Z:\Sujay\RNAi screen\DNA-FISH_RNAi_screen\AP_file_2026\AP_files\OUTPUT\logs\EXD_9_HU-Airyscan Processing-05-Channel Alignment (Extended)-24_RSFISH_LOG.txt
EXD,EXD_9_HU-Airyscan Processing-05-Channel Alignment (Extended)-24,CH3_488nm,combined_file,1.8,0.01573,0.0,6144.0,1725,Z:\Sujay\RNAi screen\DNA-FISH_RNAi_screen\AP_file_2026\AP_files\OUTPUT\logs\EXD_9_HU-Airyscan Processing-05-Channel Alignment (Extended)-24_RSFISH_LOG.txt
Hth,Hth_10_HU-Airyscan Processing-317-Channel Alignment (Extended)-324,CH1_633nm,combined_file,1.8,0.009906,0.0,20230.0,610,Z:\Sujay\RNAi screen\DNA-FISH_RNAi_screen\AP_file_2026\AP_files\OUTPUT\logs\Hth_10_HU-Airyscan Processing-317-Channel Alignment (Extended)-324_RSFISH_LOG.txt
Hth,Hth_10_HU-Airyscan Processing-317-Channel Alignment (Extended)-324,CH2_555nm,combined_file,1.8,0.01029,0.0,62034.0,1806,Z:\Sujay\RNAi screen\DNA-FISH_RNAi_screen\AP_file_2026\AP_files\OUTPUT\logs\Hth_10_HU-Airyscan Processing-317-Channel Alignment (Extended)-324_RSFISH_LOG.txt
Hth,Hth_10_HU-Airyscan Processing-317-Channel Alignment (Extended)-324,CH3_488nm,combined_file,1.8,0.02012,0.0,9273.0,1573,Z:\Sujay\RNAi screen\DNA-FISH_RNAi_screen\AP_file_2026\AP_files\OUTPUT\logs\Hth_10_HU-Airyscan Processing-317-Channel Alignment (Extended)-324_RSFISH_LOG.txt
Hth,Hth_11_HB-Airyscan Processing-325-Channel Alignment (Extended)-330,CH1_633nm,combined_file,1.8,0.009906,0.0,7750.0,3110,Z:\Sujay\RNAi screen\DNA-FISH_RNAi_screen\AP_file_2026\AP_files\OUTPUT\logs\Hth_11_HB-Airyscan Processing-325-Channel Alignment (Extended)-330_RSFISH_LOG.txt
Hth,Hth_11_HB-Airyscan Processing-325-Channel Alignment (Extended)-330,CH2_555nm,combined_file,1.8,0.01029,0.0,59450.0,1644,Z:\Sujay\RNAi screen\DNA-FISH_RNAi_screen\AP_file_2026\AP_files\OUTPUT\logs\Hth_11_HB-Airyscan Processing-325-Channel Alignment (Extended)-330_RSFISH_LOG.txt
Hth,Hth_11_HB-Airyscan Processing-325-Channel Alignment (Extended)-330,CH3_488nm,combined_file,1.8,0.02012,0.0,13029.0,800,Z:\Sujay\RNAi screen\DNA-FISH_RNAi_screen\AP_file_2026\AP_files\OUTPUT\logs\Hth_11_HB-Airyscan Processing-325-Channel Alignment (Extended)-330_RSFISH_LOG.txt
Hth,Hth_12_HL-Airyscan Processing-326-Channel Alignment (Extended)-331,CH1_633nm,per_channel_file,1.8,0.003786,0.0,24639.0,1980,Z:\Sujay\RNAi screen\DNA-FISH_RNAi_screen\AP_file_2026\AP_files\OUTPUT\logs\Hth_12_HL-Airyscan Processing-326-Channel Alignment (Extended)-331_CH1_633nm_RSFISH_LOG.txt
Hth,Hth_12_HL-Airyscan Processing-326-Channel Alignment (Extended)-331,CH2_555nm,combined_file,1.8,0.01029,0.0,37368.0,2617,Z:\Sujay\RNAi screen\DNA-FISH_RNAi_screen\AP_file_2026\AP_files\OUTPUT\logs\Hth_12_HL-Airyscan Processing-326-Channel Alignment (Extended)-331_RSFISH_LOG.txt
Hth,Hth_12_HL-Airyscan Processing-326-Channel Alignment (Extended)-331,CH3_488nm,combined_file,1.8,0.02012,0.0,10526.0,973,Z:\Sujay\RNAi screen\DNA-FISH_RNAi_screen\AP_file_2026\AP_files\OUTPUT\logs\Hth_12_HL-Airyscan Processing-326-Channel Alignment (Extended)-331_RSFISH_LOG.txt
Hth,Hth_13_HU-Airyscan Processing-327-Channel Alignment (Extended)-332,CH1_633nm,combined_file,1.8,0.009906,0.0,10241.0,4229,Z:\Sujay\RNAi screen\DNA-FISH_RNAi_screen\AP_file_2026\AP_files\OUTPUT\logs\Hth_13_HU-Airyscan Processing-327-Channel Alignment (Extended)-332_RSFISH_LOG.txt
Hth,Hth_13_HU-Airyscan Processing-327-Channel Alignment (Extended)-332,CH2_555nm,combined_file,1.8,0.01029,0.0,64791.0,2053,Z:\Sujay\RNAi screen\DNA-FISH_RNAi_screen\AP_file_2026\AP_files\OUTPUT\logs\Hth_13_HU-Airyscan Processing-327-Channel Alignment (Extended)-332_RSFISH_LOG.txt
Hth,Hth_13_HU-Airyscan Processing-327-Channel Alignment (Extended)-332,CH3_488nm,combined_file,1.8,0.02012,0.0,13857.0,1765,Z:\Sujay\RNAi screen\DNA-FISH_RNAi_screen\AP_file_2026\AP_files\OUTPUT\logs\Hth_13_HU-Airyscan Processing-327-Channel Alignment (Extended)-332_RSFISH_LOG.txt
Hth,Hth_14_HL-Airyscan Processing-328-Channel Alignment (Extended)-333,CH1_633nm,per_channel_file,1.8,0.003786,0.0,32093.0,418,Z:\Sujay\RNAi screen\DNA-FISH_RNAi_screen\AP_file_2026\AP_files\OUTPUT\logs\Hth_14_HL-Airyscan Processing-328-Channel Alignment (Extended)-333_CH1_633nm_RSFISH_LOG.txt
Hth,Hth_14_HL-Airyscan Processing-328-Channel Alignment (Extended)-333,CH2_555nm,per_channel_file,1.8,0.007051,0.0,49865.0,965,Z:\Sujay\RNAi screen\DNA-FISH_RNAi_screen\AP_file_2026\AP_files\OUTPUT\logs\Hth_14_HL-Airyscan Processing-328-Channel Alignment (Extended)-333_CH2_555nm_RSFISH_LOG.txt
Hth,Hth_14_HL-Airyscan Processing-328-Channel Alignment (Extended)-333,CH3_488nm,combined_file,1.8,0.02012,0.0,6767.0,643,Z:\Sujay\RNAi screen\DNA-FISH_RNAi_screen\AP_file_2026\AP_files\OUTPUT\logs\Hth_14_HL-Airyscan Processing-328-Channel Alignment (Extended)-333_RSFISH_LOG.txt
Hth,Hth_15_HR-Airyscan Processing-329-Channel Alignment (Extended)-334,CH1_633nm,per_channel_file,1.8,0.003786,0.0,13884.0,2146,Z:\Sujay\RNAi screen\DNA-FISH_RNAi_screen\AP_file_2026\AP_files\OUTPUT\logs\Hth_15_HR-Airyscan Processing-329-Channel Alignment (Extended)-334_CH1_633nm_RSFISH_LOG.txt
Hth,Hth_15_HR-Airyscan Processing-329-Channel Alignment (Extended)-334,CH2_555nm,per_channel_file,1.8,0.007051,0.0,52709.0,547,Z:\Sujay\RNAi screen\DNA-FISH_RNAi_screen\AP_file_2026\AP_files\OUTPUT\logs\Hth_15_HR-Airyscan Processing-329-Channel Alignment (Extended)-334_CH2_555nm_RSFISH_LOG.txt
Hth,Hth_15_HR-Airyscan Processing-329-Channel Alignment (Extended)-334,CH3_488nm,combined_file,1.8,0.02012,0.0,7190.0,411,Z:\Sujay\RNAi screen\DNA-FISH_RNAi_screen\AP_file_2026\AP_files\OUTPUT\logs\Hth_15_HR-Airyscan Processing-329-Channel Alignment (Extended)-334_RSFISH_LOG.txt
Hth,Hth_1_HU-Airyscan Processing-299-Channel Alignment (Extended)-305,CH1_633nm,combined_file,1.8,0.009906,0.0,4545.0,3820,Z:\Sujay\RNAi screen\DNA-FISH_RNAi_screen\AP_file_2026\AP_files\OUTPUT\logs\Hth_1_HU-Airyscan Processing-299-Channel Alignment (Extended)-305_RSFISH_LOG.txt
Hth,Hth_1_HU-Airyscan Processing-299-Channel Alignment (Extended)-305,CH2_555nm,combined_file,1.8,0.01029,0.0,7461.0,12211,Z:\Sujay\RNAi screen\DNA-FISH_RNAi_screen\AP_file_2026\AP_files\OUTPUT\logs\Hth_1_HU-Airyscan Processing-299-Channel Alignment (Extended)-305_RSFISH_LOG.txt
Hth,Hth_1_HU-Airyscan Processing-299-Channel Alignment (Extended)-305,CH3_488nm,combined_file,1.8,0.02012,0.0,6094.0,1116,Z:\Sujay\RNAi screen\DNA-FISH_RNAi_screen\AP_file_2026\AP_files\OUTPUT\logs\Hth_1_HU-Airyscan Processing-299-Channel Alignment (Extended)-305_RSFISH_LOG.txt
Hth,Hth_2_HR-Airyscan Processing-300-Channel Alignment (Extended)-306,CH1_633nm,per_channel_file,1.8,0.003786,0.0,16126.0,861,Z:\Sujay\RNAi screen\DNA-FISH_RNAi_screen\AP_file_2026\AP_files\OUTPUT\logs\Hth_2_HR-Airyscan Processing-300-Channel Alignment (Extended)-306_CH1_633nm_RSFISH_LOG.txt
Hth,Hth_2_HR-Airyscan Processing-300-Channel Alignment (Extended)-306,CH2_555nm,combined_file,1.8,0.01029,0.0,28542.0,686,Z:\Sujay\RNAi screen\DNA-FISH_RNAi_screen\AP_file_2026\AP_files\OUTPUT\logs\Hth_2_HR-Airyscan Processing-300-Channel Alignment (Extended)-306_RSFISH_LOG.txt
Hth,Hth_2_HR-Airyscan Processing-300-Channel Alignment (Extended)-306,CH3_488nm,combined_file,1.8,0.02012,0.0,6143.0,517,Z:\Sujay\RNAi screen\DNA-FISH_RNAi_screen\AP_file_2026\AP_files\OUTPUT\logs\Hth_2_HR-Airyscan Processing-300-Channel Alignment (Extended)-306_RSFISH_LOG.txt
Hth,Hth_3_HR-Airyscan Processing-302-Channel Alignment (Extended)-307,CH1_633nm,combined_file,1.8,0.009906,0.0,7146.0,1079,Z:\Sujay\RNAi screen\DNA-FISH_RNAi_screen\AP_file_2026\AP_files\OUTPUT\logs\Hth_3_HR-Airyscan Processing-302-Channel Alignment (Extended)-307_RSFISH_LOG.txt
Hth,Hth_3_HR-Airyscan Processing-302-Channel Alignment (Extended)-307,CH2_555nm,combined_file,1.8,0.01029,0.0,18858.0,2225,Z:\Sujay\RNAi screen\DNA-FISH_RNAi_screen\AP_file_2026\AP_files\OUTPUT\logs\Hth_3_HR-Airyscan Processing-302-Channel Alignment (Extended)-307_RSFISH_LOG.txt
Hth,Hth_3_HR-Airyscan Processing-302-Channel Alignment (Extended)-307,CH3_488nm,combined_file,1.8,0.02012,0.0,6072.0,1518,Z:\Sujay\RNAi screen\DNA-FISH_RNAi_screen\AP_file_2026\AP_files\OUTPUT\logs\Hth_3_HR-Airyscan Processing-302-Channel Alignment (Extended)-307_RSFISH_LOG.txt
Hth,Hth_4_HU-Airyscan Processing-303-Channel Alignment (Extended)-308,CH1_633nm,per_channel_file,1.8,0.003786,0.0,14272.0,4306,Z:\Sujay\RNAi screen\DNA-FISH_RNAi_screen\AP_file_2026\AP_files\OUTPUT\logs\Hth_4_HU-Airyscan Processing-303-Channel Alignment (Extended)-308_CH1_633nm_RSFISH_LOG.txt
Hth,Hth_4_HU-Airyscan Processing-303-Channel Alignment (Extended)-308,CH2_555nm,combined_file,1.8,0.01029,0.0,30141.0,1806,Z:\Sujay\RNAi screen\DNA-FISH_RNAi_screen\AP_file_2026\AP_files\OUTPUT\logs\Hth_4_HU-Airyscan Processing-303-Channel Alignment (Extended)-308_RSFISH_LOG.txt
Hth,Hth_4_HU-Airyscan Processing-303-Channel Alignment (Extended)-308,CH3_488nm,combined_file,1.8,0.02012,0.0,7357.0,1929,Z:\Sujay\RNAi screen\DNA-FISH_RNAi_screen\AP_file_2026\AP_files\OUTPUT\logs\Hth_4_HU-Airyscan Processing-303-Channel Alignment (Extended)-308_RSFISH_LOG.txt
Hth,Hth_5_HR-Airyscan Processing-304-Channel Alignment (Extended)-309,CH1_633nm,per_channel_file,1.8,0.003786,0.0,32929.0,1263,Z:\Sujay\RNAi screen\DNA-FISH_RNAi_screen\AP_file_2026\AP_files\OUTPUT\logs\Hth_5_HR-Airyscan Processing-304-Channel Alignment (Extended)-309_CH1_633nm_RSFISH_LOG.txt
Hth,Hth_5_HR-Airyscan Processing-304-Channel Alignment (Extended)-309,CH2_555nm,combined_file,1.8,0.01029,0.0,65530.0,574,Z:\Sujay\RNAi screen\DNA-FISH_RNAi_screen\AP_file_2026\AP_files\OUTPUT\logs\Hth_5_HR-Airyscan Processing-304-Channel Alignment (Extended)-309_RSFISH_LOG.txt
Hth,Hth_5_HR-Airyscan Processing-304-Channel Alignment (Extended)-309,CH3_488nm,combined_file,1.8,0.02012,0.0,11005.0,914,Z:\Sujay\RNAi screen\DNA-FISH_RNAi_screen\AP_file_2026\AP_files\OUTPUT\logs\Hth_5_HR-Airyscan Processing-304-Channel Alignment (Extended)-309_RSFISH_LOG.txt
Hth,Hth_6_HR-Airyscan Processing-311-Channel Alignment (Extended)-320,CH1_633nm,per_channel_file,1.8,0.003786,0.0,11558.0,2803,Z:\Sujay\RNAi screen\DNA-FISH_RNAi_screen\AP_file_2026\AP_files\OUTPUT\logs\Hth_6_HR-Airyscan Processing-311-Channel Alignment (Extended)-320_CH1_633nm_RSFISH_LOG.txt
Hth,Hth_6_HR-Airyscan Processing-311-Channel Alignment (Extended)-320,CH2_555nm,combined_file,1.8,0.01029,0.0,31246.0,1237,Z:\Sujay\RNAi screen\DNA-FISH_RNAi_screen\AP_file_2026\AP_files\OUTPUT\logs\Hth_6_HR-Airyscan Processing-311-Channel Alignment (Extended)-320_RSFISH_LOG.txt
Hth,Hth_6_HR-Airyscan Processing-311-Channel Alignment (Extended)-320,CH3_488nm,combined_file,1.8,0.02012,0.0,7366.0,797,Z:\Sujay\RNAi screen\DNA-FISH_RNAi_screen\AP_file_2026\AP_files\OUTPUT\logs\Hth_6_HR-Airyscan Processing-311-Channel Alignment (Extended)-320_RSFISH_LOG.txt
Hth,Hth_7_HL-Airyscan Processing-312-Channel Alignment (Extended)-321,CH1_633nm,per_channel_file,1.8,0.003786,0.0,21727.0,1045,Z:\Sujay\RNAi screen\DNA-FISH_RNAi_screen\AP_file_2026\AP_files\OUTPUT\logs\Hth_7_HL-Airyscan Processing-312-Channel Alignment (Extended)-321_CH1_633nm_RSFISH_LOG.txt
Hth,Hth_7_HL-Airyscan Processing-312-Channel Alignment (Extended)-321,CH2_555nm,per_channel_file,1.8,0.007051,0.0,54911.0,791,Z:\Sujay\RNAi screen\DNA-FISH_RNAi_screen\AP_file_2026\AP_files\OUTPUT\logs\Hth_7_HL-Airyscan Processing-312-Channel Alignment (Extended)-321_CH2_555nm_RSFISH_LOG.txt
Hth,Hth_7_HL-Airyscan Processing-312-Channel Alignment (Extended)-321,CH3_488nm,combined_file,1.8,0.02012,0.0,5369.0,797,Z:\Sujay\RNAi screen\DNA-FISH_RNAi_screen\AP_file_2026\AP_files\OUTPUT\logs\Hth_7_HL-Airyscan Processing-312-Channel Alignment (Extended)-321_RSFISH_LOG.txt
Hth,Hth_8_HL-Airyscan Processing-314-Channel Alignment (Extended)-322,CH1_633nm,combined_file,1.8,0.009906,0.0,6030.0,2554,Z:\Sujay\RNAi screen\DNA-FISH_RNAi_screen\AP_file_2026\AP_files\OUTPUT\logs\Hth_8_HL-Airyscan Processing-314-Channel Alignment (Extended)-322_RSFISH_LOG.txt
Hth,Hth_8_HL-Airyscan Processing-314-Channel Alignment (Extended)-322,CH2_555nm,combined_file,1.8,0.01029,0.0,18833.0,3468,Z:\Sujay\RNAi screen\DNA-FISH_RNAi_screen\AP_file_2026\AP_files\OUTPUT\logs\Hth_8_HL-Airyscan Processing-314-Channel Alignment (Extended)-322_RSFISH_LOG.txt
Hth,Hth_8_HL-Airyscan Processing-314-Channel Alignment (Extended)-322,CH3_488nm,combined_file,1.8,0.02012,0.0,7907.0,1775,Z:\Sujay\RNAi screen\DNA-FISH_RNAi_screen\AP_file_2026\AP_files\OUTPUT\logs\Hth_8_HL-Airyscan Processing-314-Channel Alignment (Extended)-322_RSFISH_LOG.txt
Hth,Hth_9_HL-Airyscan Processing-316-Channel Alignment (Extended)-323,CH1_633nm,combined_file,1.8,0.009906,0.0,4968.0,2414,Z:\Sujay\RNAi screen\DNA-FISH_RNAi_screen\AP_file_2026\AP_files\OUTPUT\logs\Hth_9_HL-Airyscan Processing-316-Channel Alignment (Extended)-323_RSFISH_LOG.txt
Hth,Hth_9_HL-Airyscan Processing-316-Channel Alignment (Extended)-323,CH2_555nm,per_channel_file,1.8,0.007051,0.0,51921.0,1230,Z:\Sujay\RNAi screen\DNA-FISH_RNAi_screen\AP_file_2026\AP_files\OUTPUT\logs\Hth_9_HL-Airyscan Processing-316-Channel Alignment (Extended)-323_CH2_555nm_RSFISH_LOG.txt
Hth,Hth_9_HL-Airyscan Processing-316-Channel Alignment (Extended)-323,CH3_488nm,combined_file,1.8,0.02012,0.0,5669.0,1138,Z:\Sujay\RNAi screen\DNA-FISH_RNAi_screen\AP_file_2026\AP_files\OUTPUT\logs\Hth_9_HL-Airyscan Processing-316-Channel Alignment (Extended)-323_RSFISH_LOG.txt
LOLAJ,LOLAJ_10_HU-Airyscan Processing-64-Channel Alignment (Extended)-72,CH1_633nm,per_channel_file,1.8,0.002786,0.0,25640.0,1317,Z:\Sujay\RNAi screen\DNA-FISH_RNAi_screen\AP_file_2026\AP_files\OUTPUT\logs\LOLAJ_10_HU-Airyscan Processing-64-Channel Alignment (Extended)-72_CH1_633nm_RSFISH_LOG.txt
LOLAJ,LOLAJ_10_HU-Airyscan Processing-64-Channel Alignment (Extended)-72,CH2_555nm,combined_file,1.8,0.01001,0.0,41075.0,931,Z:\Sujay\RNAi screen\DNA-FISH_RNAi_screen\AP_file_2026\AP_files\OUTPUT\logs\LOLAJ_10_HU-Airyscan Processing-64-Channel Alignment (Extended)-72_RSFISH_LOG.txt
LOLAJ,LOLAJ_10_HU-Airyscan Processing-64-Channel Alignment (Extended)-72,CH3_488nm,combined_file,1.8,0.01573,0.0,8977.0,1147,Z:\Sujay\RNAi screen\DNA-FISH_RNAi_screen\AP_file_2026\AP_files\OUTPUT\logs\LOLAJ_10_HU-Airyscan Processing-64-Channel Alignment (Extended)-72_RSFISH_LOG.txt
LOLAJ,LOLAJ_11_HB-Airyscan Processing-65-Channel Alignment (Extended)-73,CH1_633nm,combined_file,1.8,0.01001,0.0,6999.0,1410,Z:\Sujay\RNAi screen\DNA-FISH_RNAi_screen\AP_file_2026\AP_files\OUTPUT\logs\LOLAJ_11_HB-Airyscan Processing-65-Channel Alignment (Extended)-73_RSFISH_LOG.txt
LOLAJ,LOLAJ_11_HB-Airyscan Processing-65-Channel Alignment (Extended)-73,CH2_555nm,combined_file,1.8,0.01001,0.0,24239.0,2131,Z:\Sujay\RNAi screen\DNA-FISH_RNAi_screen\AP_file_2026\AP_files\OUTPUT\logs\LOLAJ_11_HB-Airyscan Processing-65-Channel Alignment (Extended)-73_RSFISH_LOG.txt
LOLAJ,LOLAJ_11_HB-Airyscan Processing-65-Channel Alignment (Extended)-73,CH3_488nm,combined_file,1.8,0.01573,0.0,9517.0,1635,Z:\Sujay\RNAi screen\DNA-FISH_RNAi_screen\AP_file_2026\AP_files\OUTPUT\logs\LOLAJ_11_HB-Airyscan Processing-65-Channel Alignment (Extended)-73_RSFISH_LOG.txt
LOLAJ,LOLAJ_12_HL-Airyscan Processing-66-Channel Alignment (Extended)-74,CH1_633nm,combined_file,1.8,0.01001,0.0,2781.0,34703,Z:\Sujay\RNAi screen\DNA-FISH_RNAi_screen\AP_file_2026\AP_files\OUTPUT\logs\LOLAJ_12_HL-Airyscan Processing-66-Channel Alignment (Extended)-74_RSFISH_LOG.txt
LOLAJ,LOLAJ_12_HL-Airyscan Processing-66-Channel Alignment (Extended)-74,CH2_555nm,combined_file,1.8,0.01001,0.0,13291.0,4886,Z:\Sujay\RNAi screen\DNA-FISH_RNAi_screen\AP_file_2026\AP_files\OUTPUT\logs\LOLAJ_12_HL-Airyscan Processing-66-Channel Alignment (Extended)-74_RSFISH_LOG.txt
LOLAJ,LOLAJ_12_HL-Airyscan Processing-66-Channel Alignment (Extended)-74,CH3_488nm,combined_file,1.8,0.01573,0.0,7223.0,2669,Z:\Sujay\RNAi screen\DNA-FISH_RNAi_screen\AP_file_2026\AP_files\OUTPUT\logs\LOLAJ_12_HL-Airyscan Processing-66-Channel Alignment (Extended)-74_RSFISH_LOG.txt
LOLAJ,LOLAJ_13_HU-Airyscan Processing-67-Channel Alignment (Extended)-75,CH1_633nm,combined_file,1.8,0.01001,0.0,2981.0,25051,Z:\Sujay\RNAi screen\DNA-FISH_RNAi_screen\AP_file_2026\AP_files\OUTPUT\logs\LOLAJ_13_HU-Airyscan Processing-67-Channel Alignment (Extended)-75_RSFISH_LOG.txt
LOLAJ,LOLAJ_13_HU-Airyscan Processing-67-Channel Alignment (Extended)-75,CH2_555nm,combined_file,1.8,0.01001,0.0,12964.0,2547,Z:\Sujay\RNAi screen\DNA-FISH_RNAi_screen\AP_file_2026\AP_files\OUTPUT\logs\LOLAJ_13_HU-Airyscan Processing-67-Channel Alignment (Extended)-75_RSFISH_LOG.txt
LOLAJ,LOLAJ_13_HU-Airyscan Processing-67-Channel Alignment (Extended)-75,CH3_488nm,combined_file,1.8,0.01573,0.0,8563.0,755,Z:\Sujay\RNAi screen\DNA-FISH_RNAi_screen\AP_file_2026\AP_files\OUTPUT\logs\LOLAJ_13_HU-Airyscan Processing-67-Channel Alignment (Extended)-75_RSFISH_LOG.txt
LOLAJ,LOLAJ_14_HR-Airyscan Processing-77-Channel Alignment (Extended)-78,CH1_633nm,combined_file,1.8,0.01001,0.0,7775.0,924,Z:\Sujay\RNAi screen\DNA-FISH_RNAi_screen\AP_file_2026\AP_files\OUTPUT\logs\LOLAJ_14_HR-Airyscan Processing-77-Channel Alignment (Extended)-78_RSFISH_LOG.txt
LOLAJ,LOLAJ_14_HR-Airyscan Processing-77-Channel Alignment (Extended)-78,CH2_555nm,combined_file,1.8,0.01001,0.0,22336.0,1687,Z:\Sujay\RNAi screen\DNA-FISH_RNAi_screen\AP_file_2026\AP_files\OUTPUT\logs\LOLAJ_14_HR-Airyscan Processing-77-Channel Alignment (Extended)-78_RSFISH_LOG.txt
LOLAJ,LOLAJ_14_HR-Airyscan Processing-77-Channel Alignment (Extended)-78,CH3_488nm,combined_file,1.8,0.01573,0.0,9593.0,1165,Z:\Sujay\RNAi screen\DNA-FISH_RNAi_screen\AP_file_2026\AP_files\OUTPUT\logs\LOLAJ_14_HR-Airyscan Processing-77-Channel Alignment (Extended)-78_RSFISH_LOG.txt
LOLAJ,LOLAJ_15_HB-Airyscan Processing-69-Channel Alignment (Extended)-76,CH1_633nm,combined_file,1.8,0.01001,0.0,4482.0,9532,Z:\Sujay\RNAi screen\DNA-FISH_RNAi_screen\AP_file_2026\AP_files\OUTPUT\logs\LOLAJ_15_HB-Airyscan Processing-69-Channel Alignment (Extended)-76_RSFISH_LOG.txt
LOLAJ,LOLAJ_15_HB-Airyscan Processing-69-Channel Alignment (Extended)-76,CH2_555nm,combined_file,1.8,0.01001,0.0,15450.0,5679,Z:\Sujay\RNAi screen\DNA-FISH_RNAi_screen\AP_file_2026\AP_files\OUTPUT\logs\LOLAJ_15_HB-Airyscan Processing-69-Channel Alignment (Extended)-76_RSFISH_LOG.txt
LOLAJ,LOLAJ_15_HB-Airyscan Processing-69-Channel Alignment (Extended)-76,CH3_488nm,combined_file,1.8,0.01573,0.0,7312.0,2994,Z:\Sujay\RNAi screen\DNA-FISH_RNAi_screen\AP_file_2026\AP_files\OUTPUT\logs\LOLAJ_15_HB-Airyscan Processing-69-Channel Alignment (Extended)-76_RSFISH_LOG.txt
LOLAJ,LOLAJ_1_HU-Airyscan Processing-43-Channel Alignment (Extended)-55,CH1_633nm,combined_file,1.8,0.01001,0.0,11417.0,701,Z:\Sujay\RNAi screen\DNA-FISH_RNAi_screen\AP_file_2026\AP_files\OUTPUT\logs\LOLAJ_1_HU-Airyscan Processing-43-Channel Alignment (Extended)-55_RSFISH_LOG.txt
LOLAJ,LOLAJ_1_HU-Airyscan Processing-43-Channel Alignment (Extended)-55,CH2_555nm,per_channel_file,1.8,0.007551,0.0,50587.0,1172,Z:\Sujay\RNAi screen\DNA-FISH_RNAi_screen\AP_file_2026\AP_files\OUTPUT\logs\LOLAJ_1_HU-Airyscan Processing-43-Channel Alignment (Extended)-55_CH2_555nm_RSFISH_LOG.txt
LOLAJ,LOLAJ_1_HU-Airyscan Processing-43-Channel Alignment (Extended)-55,CH3_488nm,per_channel_file,1.8,0.01073,0.0,15002.0,950,Z:\Sujay\RNAi screen\DNA-FISH_RNAi_screen\AP_file_2026\AP_files\OUTPUT\logs\LOLAJ_1_HU-Airyscan Processing-43-Channel Alignment (Extended)-55_CH3_488nm_RSFISH_LOG.txt
LOLAJ,LOLAJ_2_HB-Airyscan Processing-44-Channel Alignment (Extended)-56,CH1_633nm,combined_file,1.8,0.01001,0.0,7785.0,958,Z:\Sujay\RNAi screen\DNA-FISH_RNAi_screen\AP_file_2026\AP_files\OUTPUT\logs\LOLAJ_2_HB-Airyscan Processing-44-Channel Alignment (Extended)-56_RSFISH_LOG.txt
LOLAJ,LOLAJ_2_HB-Airyscan Processing-44-Channel Alignment (Extended)-56,CH2_555nm,combined_file,1.8,0.01001,0.0,42236.0,599,Z:\Sujay\RNAi screen\DNA-FISH_RNAi_screen\AP_file_2026\AP_files\OUTPUT\logs\LOLAJ_2_HB-Airyscan Processing-44-Channel Alignment (Extended)-56_RSFISH_LOG.txt
LOLAJ,LOLAJ_2_HB-Airyscan Processing-44-Channel Alignment (Extended)-56,CH3_488nm,combined_file,1.8,0.01573,0.0,6513.0,1580,Z:\Sujay\RNAi screen\DNA-FISH_RNAi_screen\AP_file_2026\AP_files\OUTPUT\logs\LOLAJ_2_HB-Airyscan Processing-44-Channel Alignment (Extended)-56_RSFISH_LOG.txt
LOLAJ,LOLAJ_3_HL-Airyscan Processing-46-Channel Alignment (Extended)-54,CH1_633nm,combined_file,1.8,0.01001,0.0,7137.0,1481,Z:\Sujay\RNAi screen\DNA-FISH_RNAi_screen\AP_file_2026\AP_files\OUTPUT\logs\LOLAJ_3_HL-Airyscan Processing-46-Channel Alignment (Extended)-54_RSFISH_LOG.txt
LOLAJ,LOLAJ_3_HL-Airyscan Processing-46-Channel Alignment (Extended)-54,CH2_555nm,combined_file,1.8,0.01001,0.0,25928.0,1870,Z:\Sujay\RNAi screen\DNA-FISH_RNAi_screen\AP_file_2026\AP_files\OUTPUT\logs\LOLAJ_3_HL-Airyscan Processing-46-Channel Alignment (Extended)-54_RSFISH_LOG.txt
LOLAJ,LOLAJ_3_HL-Airyscan Processing-46-Channel Alignment (Extended)-54,CH3_488nm,combined_file,1.8,0.01573,0.0,7472.0,1680,Z:\Sujay\RNAi screen\DNA-FISH_RNAi_screen\AP_file_2026\AP_files\OUTPUT\logs\LOLAJ_3_HL-Airyscan Processing-46-Channel Alignment (Extended)-54_RSFISH_LOG.txt
LOLAJ,LOLAJ_4_HL-Airyscan Processing-47-Channel Alignment (Extended)-57,CH1_633nm,per_channel_file,1.8,0.002786,0.0,10371.0,55634,Z:\Sujay\RNAi screen\DNA-FISH_RNAi_screen\AP_file_2026\AP_files\OUTPUT\logs\LOLAJ_4_HL-Airyscan Processing-47-Channel Alignment (Extended)-57_CH1_633nm_RSFISH_LOG.txt
LOLAJ,LOLAJ_4_HL-Airyscan Processing-47-Channel Alignment (Extended)-57,CH2_555nm,combined_file,1.8,0.01001,0.0,25321.0,1586,Z:\Sujay\RNAi screen\DNA-FISH_RNAi_screen\AP_file_2026\AP_files\OUTPUT\logs\LOLAJ_4_HL-Airyscan Processing-47-Channel Alignment (Extended)-57_RSFISH_LOG.txt
LOLAJ,LOLAJ_4_HL-Airyscan Processing-47-Channel Alignment (Extended)-57,CH3_488nm,combined_file,1.8,0.01573,0.0,6996.0,921,Z:\Sujay\RNAi screen\DNA-FISH_RNAi_screen\AP_file_2026\AP_files\OUTPUT\logs\LOLAJ_4_HL-Airyscan Processing-47-Channel Alignment (Extended)-57_RSFISH_LOG.txt
LOLAJ,LOLAJ_5_HR-Airyscan Processing-48-Channel Alignment (Extended)-58,CH1_633nm,per_channel_file,1.8,0.002786,0.0,16386.0,5007,Z:\Sujay\RNAi screen\DNA-FISH_RNAi_screen\AP_file_2026\AP_files\OUTPUT\logs\LOLAJ_5_HR-Airyscan Processing-48-Channel Alignment (Extended)-58_CH1_633nm_RSFISH_LOG.txt
LOLAJ,LOLAJ_5_HR-Airyscan Processing-48-Channel Alignment (Extended)-58,CH2_555nm,combined_file,1.8,0.01001,0.0,15956.0,5097,Z:\Sujay\RNAi screen\DNA-FISH_RNAi_screen\AP_file_2026\AP_files\OUTPUT\logs\LOLAJ_5_HR-Airyscan Processing-48-Channel Alignment (Extended)-58_RSFISH_LOG.txt
LOLAJ,LOLAJ_5_HR-Airyscan Processing-48-Channel Alignment (Extended)-58,CH3_488nm,combined_file,1.8,0.01573,0.0,7448.0,3399,Z:\Sujay\RNAi screen\DNA-FISH_RNAi_screen\AP_file_2026\AP_files\OUTPUT\logs\LOLAJ_5_HR-Airyscan Processing-48-Channel Alignment (Extended)-58_RSFISH_LOG.txt
LOLAJ,LOLAJ_6_HR-Airyscan Processing-49-Channel Alignment (Extended)-59,CH1_633nm,combined_file,1.8,0.01001,0.0,3357.0,16702,Z:\Sujay\RNAi screen\DNA-FISH_RNAi_screen\AP_file_2026\AP_files\OUTPUT\logs\LOLAJ_6_HR-Airyscan Processing-49-Channel Alignment (Extended)-59_RSFISH_LOG.txt
LOLAJ,LOLAJ_6_HR-Airyscan Processing-49-Channel Alignment (Extended)-59,CH2_555nm,combined_file,1.8,0.01001,0.0,13545.0,4443,Z:\Sujay\RNAi screen\DNA-FISH_RNAi_screen\AP_file_2026\AP_files\OUTPUT\logs\LOLAJ_6_HR-Airyscan Processing-49-Channel Alignment (Extended)-59_RSFISH_LOG.txt
LOLAJ,LOLAJ_6_HR-Airyscan Processing-49-Channel Alignment (Extended)-59,CH3_488nm,combined_file,1.8,0.01573,0.0,7378.0,1929,Z:\Sujay\RNAi screen\DNA-FISH_RNAi_screen\AP_file_2026\AP_files\OUTPUT\logs\LOLAJ_6_HR-Airyscan Processing-49-Channel Alignment (Extended)-59_RSFISH_LOG.txt
LOLAJ,LOLAJ_7_HU-Airyscan Processing-50-Channel Alignment (Extended)-61,CH1_633nm,combined_file,1.8,0.01001,0.0,9975.0,569,Z:\Sujay\RNAi screen\DNA-FISH_RNAi_screen\AP_file_2026\AP_files\OUTPUT\logs\LOLAJ_7_HU-Airyscan Processing-50-Channel Alignment (Extended)-61_RSFISH_LOG.txt
LOLAJ,LOLAJ_7_HU-Airyscan Processing-50-Channel Alignment (Extended)-61,CH2_555nm,combined_file,1.8,0.01001,0.0,25204.0,1605,Z:\Sujay\RNAi screen\DNA-FISH_RNAi_screen\AP_file_2026\AP_files\OUTPUT\logs\LOLAJ_7_HU-Airyscan Processing-50-Channel Alignment (Extended)-61_RSFISH_LOG.txt
LOLAJ,LOLAJ_7_HU-Airyscan Processing-50-Channel Alignment (Extended)-61,CH3_488nm,combined_file,1.8,0.01573,0.0,7008.0,1365,Z:\Sujay\RNAi screen\DNA-FISH_RNAi_screen\AP_file_2026\AP_files\OUTPUT\logs\LOLAJ_7_HU-Airyscan Processing-50-Channel Alignment (Extended)-61_RSFISH_LOG.txt
LOLAJ,LOLAJ_8_HB-Airyscan Processing-62-Channel Alignment (Extended)-70,CH1_633nm,per_channel_file,1.8,0.002786,0.0,39051.0,708,Z:\Sujay\RNAi screen\DNA-FISH_RNAi_screen\AP_file_2026\AP_files\OUTPUT\logs\LOLAJ_8_HB-Airyscan Processing-62-Channel Alignment (Extended)-70_CH1_633nm_RSFISH_LOG.txt
LOLAJ,LOLAJ_8_HB-Airyscan Processing-62-Channel Alignment (Extended)-70,CH2_555nm,combined_file,1.8,0.01001,0.0,50799.0,419,Z:\Sujay\RNAi screen\DNA-FISH_RNAi_screen\AP_file_2026\AP_files\OUTPUT\logs\LOLAJ_8_HB-Airyscan Processing-62-Channel Alignment (Extended)-70_RSFISH_LOG.txt
LOLAJ,LOLAJ_8_HB-Airyscan Processing-62-Channel Alignment (Extended)-70,CH3_488nm,combined_file,1.8,0.01573,0.0,7123.0,2239,Z:\Sujay\RNAi screen\DNA-FISH_RNAi_screen\AP_file_2026\AP_files\OUTPUT\logs\LOLAJ_8_HB-Airyscan Processing-62-Channel Alignment (Extended)-70_RSFISH_LOG.txt
LOLAJ,LOLAJ_9_HB-Airyscan Processing-63-Channel Alignment (Extended)-71,CH1_633nm,combined_file,1.8,0.01001,0.0,3704.0,13829,Z:\Sujay\RNAi screen\DNA-FISH_RNAi_screen\AP_file_2026\AP_files\OUTPUT\logs\LOLAJ_9_HB-Airyscan Processing-63-Channel Alignment (Extended)-71_RSFISH_LOG.txt
LOLAJ,LOLAJ_9_HB-Airyscan Processing-63-Channel Alignment (Extended)-71,CH2_555nm,combined_file,1.8,0.01001,0.0,13276.0,2897,Z:\Sujay\RNAi screen\DNA-FISH_RNAi_screen\AP_file_2026\AP_files\OUTPUT\logs\LOLAJ_9_HB-Airyscan Processing-63-Channel Alignment (Extended)-71_RSFISH_LOG.txt
LOLAJ,LOLAJ_9_HB-Airyscan Processing-63-Channel Alignment (Extended)-71,CH3_488nm,combined_file,1.8,0.01573,0.0,6674.0,1280,Z:\Sujay\RNAi screen\DNA-FISH_RNAi_screen\AP_file_2026\AP_files\OUTPUT\logs\LOLAJ_9_HB-Airyscan Processing-63-Channel Alignment (Extended)-71_RSFISH_LOG.txt
LacZ,LacZ_10_HB-Airyscan Processing-110-Channel Alignment (Extended)-122,CH1_633nm,combined_file,1.8,0.01001,0.0,13799.0,1491,Z:\Sujay\RNAi screen\DNA-FISH_RNAi_screen\AP_file_2026\AP_files\OUTPUT\logs\LacZ_10_HB-Airyscan Processing-110-Channel Alignment (Extended)-122_RSFISH_LOG.txt
LacZ,LacZ_10_HB-Airyscan Processing-110-Channel Alignment (Extended)-122,CH2_555nm,combined_file,1.8,0.01001,0.0,42868.0,2157,Z:\Sujay\RNAi screen\DNA-FISH_RNAi_screen\AP_file_2026\AP_files\OUTPUT\logs\LacZ_10_HB-Airyscan Processing-110-Channel Alignment (Extended)-122_RSFISH_LOG.txt
LacZ,LacZ_10_HB-Airyscan Processing-110-Channel Alignment (Extended)-122,CH3_488nm,combined_file,1.8,0.01573,0.0,11752.0,1104,Z:\Sujay\RNAi screen\DNA-FISH_RNAi_screen\AP_file_2026\AP_files\OUTPUT\logs\LacZ_10_HB-Airyscan Processing-110-Channel Alignment (Extended)-122_RSFISH_LOG.txt
LacZ,LacZ_11_HB-Airyscan Processing-111-Channel Alignment (Extended)-123,CH1_633nm,combined_file,1.8,0.01001,0.0,6783.0,3312,Z:\Sujay\RNAi screen\DNA-FISH_RNAi_screen\AP_file_2026\AP_files\OUTPUT\logs\LacZ_11_HB-Airyscan Processing-111-Channel Alignment (Extended)-123_RSFISH_LOG.txt
LacZ,LacZ_11_HB-Airyscan Processing-111-Channel Alignment (Extended)-123,CH2_555nm,combined_file,1.8,0.01001,0.0,20666.0,2519,Z:\Sujay\RNAi screen\DNA-FISH_RNAi_screen\AP_file_2026\AP_files\OUTPUT\logs\LacZ_11_HB-Airyscan Processing-111-Channel Alignment (Extended)-123_RSFISH_LOG.txt
LacZ,LacZ_11_HB-Airyscan Processing-111-Channel Alignment (Extended)-123,CH3_488nm,combined_file,1.8,0.01573,0.0,7001.0,19708,Z:\Sujay\RNAi screen\DNA-FISH_RNAi_screen\AP_file_2026\AP_files\OUTPUT\logs\LacZ_11_HB-Airyscan Processing-111-Channel Alignment (Extended)-123_RSFISH_LOG.txt
LacZ,LacZ_12_HU-Airyscan Processing-112-Channel Alignment (Extended)-124,CH1_633nm,combined_file,1.8,0.01001,0.0,5670.0,5912,Z:\Sujay\RNAi screen\DNA-FISH_RNAi_screen\AP_file_2026\AP_files\OUTPUT\logs\LacZ_12_HU-Airyscan Processing-112-Channel Alignment (Extended)-124_RSFISH_LOG.txt
LacZ,LacZ_12_HU-Airyscan Processing-112-Channel Alignment (Extended)-124,CH2_555nm,combined_file,1.8,0.01001,0.0,30877.0,979,Z:\Sujay\RNAi screen\DNA-FISH_RNAi_screen\AP_file_2026\AP_files\OUTPUT\logs\LacZ_12_HU-Airyscan Processing-112-Channel Alignment (Extended)-124_RSFISH_LOG.txt
LacZ,LacZ_12_HU-Airyscan Processing-112-Channel Alignment (Extended)-124,CH3_488nm,combined_file,1.8,0.01573,0.0,6796.0,31075,Z:\Sujay\RNAi screen\DNA-FISH_RNAi_screen\AP_file_2026\AP_files\OUTPUT\logs\LacZ_12_HU-Airyscan Processing-112-Channel Alignment (Extended)-124_RSFISH_LOG.txt
LacZ,LacZ_13_HB-Airyscan Processing-113-Channel Alignment (Extended)-125,CH1_633nm,per_channel_file,1.8,0.002786,0.0,21279.0,10924,Z:\Sujay\RNAi screen\DNA-FISH_RNAi_screen\AP_file_2026\AP_files\OUTPUT\logs\LacZ_13_HB-Airyscan Processing-113-Channel Alignment (Extended)-125_CH1_633nm_RSFISH_LOG.txt
LacZ,LacZ_13_HB-Airyscan Processing-113-Channel Alignment (Extended)-125,CH2_555nm,combined_file,1.8,0.01001,0.0,14955.0,4805,Z:\Sujay\RNAi screen\DNA-FISH_RNAi_screen\AP_file_2026\AP_files\OUTPUT\logs\LacZ_13_HB-Airyscan Processing-113-Channel Alignment (Extended)-125_RSFISH_LOG.txt
LacZ,LacZ_13_HB-Airyscan Processing-113-Channel Alignment (Extended)-125,CH3_488nm,combined_file,1.8,0.01573,0.0,6786.0,40042,Z:\Sujay\RNAi screen\DNA-FISH_RNAi_screen\AP_file_2026\AP_files\OUTPUT\logs\LacZ_13_HB-Airyscan Processing-113-Channel Alignment (Extended)-125_RSFISH_LOG.txt
LacZ,LacZ_14_HB-Airyscan Processing-33-Channel Alignment (Extended)-39,CH1_633nm,per_channel_file,1.8,0.002786,0.0,19356.0,16114,Z:\Sujay\RNAi screen\DNA-FISH_RNAi_screen\AP_file_2026\AP_files\OUTPUT\logs\LacZ_14_HB-Airyscan Processing-33-Channel Alignment (Extended)-39_CH1_633nm_RSFISH_LOG.txt
LacZ,LacZ_14_HB-Airyscan Processing-33-Channel Alignment (Extended)-39,CH2_555nm,combined_file,1.8,0.01001,0.0,19509.0,4916,Z:\Sujay\RNAi screen\DNA-FISH_RNAi_screen\AP_file_2026\AP_files\OUTPUT\logs\LacZ_14_HB-Airyscan Processing-33-Channel Alignment (Extended)-39_RSFISH_LOG.txt
LacZ,LacZ_14_HB-Airyscan Processing-33-Channel Alignment (Extended)-39,CH3_488nm,combined_file,1.8,0.01573,0.0,8023.0,4044,Z:\Sujay\RNAi screen\DNA-FISH_RNAi_screen\AP_file_2026\AP_files\OUTPUT\logs\LacZ_14_HB-Airyscan Processing-33-Channel Alignment (Extended)-39_RSFISH_LOG.txt
LacZ,LacZ_15_HU-Airyscan Processing-94-Channel Alignment (Extended)-114,CH1_633nm,combined_file,1.8,0.01001,0.0,4217.0,55693,Z:\Sujay\RNAi screen\DNA-FISH_RNAi_screen\AP_file_2026\AP_files\OUTPUT\logs\LacZ_15_HU-Airyscan Processing-94-Channel Alignment (Extended)-114_RSFISH_LOG.txt
LacZ,LacZ_15_HU-Airyscan Processing-94-Channel Alignment (Extended)-114,CH2_555nm,combined_file,1.8,0.01001,0.0,11037.0,23473,Z:\Sujay\RNAi screen\DNA-FISH_RNAi_screen\AP_file_2026\AP_files\OUTPUT\logs\LacZ_15_HU-Airyscan Processing-94-Channel Alignment (Extended)-114_RSFISH_LOG.txt
LacZ,LacZ_15_HU-Airyscan Processing-94-Channel Alignment (Extended)-114,CH3_488nm,combined_file,1.8,0.01573,0.0,7993.0,18296,Z:\Sujay\RNAi screen\DNA-FISH_RNAi_screen\AP_file_2026\AP_files\OUTPUT\logs\LacZ_15_HU-Airyscan Processing-94-Channel Alignment (Extended)-114_RSFISH_LOG.txt
LacZ,LacZ_1_HU-Airyscan Processing-96-Channel Alignment (Extended)-115,CH1_633nm,combined_file,1.8,0.01001,0.0,12704.0,690,Z:\Sujay\RNAi screen\DNA-FISH_RNAi_screen\AP_file_2026\AP_files\OUTPUT\logs\LacZ_1_HU-Airyscan Processing-96-Channel Alignment (Extended)-115_RSFISH_LOG.txt
LacZ,LacZ_1_HU-Airyscan Processing-96-Channel Alignment (Extended)-115,CH2_555nm,combined_file,1.8,0.01001,0.0,32489.0,2280,Z:\Sujay\RNAi screen\DNA-FISH_RNAi_screen\AP_file_2026\AP_files\OUTPUT\logs\LacZ_1_HU-Airyscan Processing-96-Channel Alignment (Extended)-115_RSFISH_LOG.txt
LacZ,LacZ_1_HU-Airyscan Processing-96-Channel Alignment (Extended)-115,CH3_488nm,combined_file,1.8,0.01573,0.0,7517.0,1900,Z:\Sujay\RNAi screen\DNA-FISH_RNAi_screen\AP_file_2026\AP_files\OUTPUT\logs\LacZ_1_HU-Airyscan Processing-96-Channel Alignment (Extended)-115_RSFISH_LOG.txt
LacZ,LacZ_2_HR-Airyscan Processing-31-Channel Alignment (Extended)-40,CH1_633nm,combined_file,1.8,0.01001,0.0,6960.0,2118,Z:\Sujay\RNAi screen\DNA-FISH_RNAi_screen\AP_file_2026\AP_files\OUTPUT\logs\LacZ_2_HR-Airyscan Processing-31-Channel Alignment (Extended)-40_RSFISH_LOG.txt
LacZ,LacZ_2_HR-Airyscan Processing-31-Channel Alignment (Extended)-40,CH2_555nm,combined_file,1.8,0.01001,0.0,20717.0,3341,Z:\Sujay\RNAi screen\DNA-FISH_RNAi_screen\AP_file_2026\AP_files\OUTPUT\logs\LacZ_2_HR-Airyscan Processing-31-Channel Alignment (Extended)-40_RSFISH_LOG.txt
LacZ,LacZ_2_HR-Airyscan Processing-31-Channel Alignment (Extended)-40,CH3_488nm,combined_file,1.8,0.01573,0.0,8936.0,1897,Z:\Sujay\RNAi screen\DNA-FISH_RNAi_screen\AP_file_2026\AP_files\OUTPUT\logs\LacZ_2_HR-Airyscan Processing-31-Channel Alignment (Extended)-40_RSFISH_LOG.txt
LacZ,LacZ_3_HD-Airyscan Processing-98-Channel Alignment (Extended)-116,CH1_633nm,combined_file,1.8,0.01001,0.0,5994.0,4380,Z:\Sujay\RNAi screen\DNA-FISH_RNAi_screen\AP_file_2026\AP_files\OUTPUT\logs\LacZ_3_HD-Airyscan Processing-98-Channel Alignment (Extended)-116_RSFISH_LOG.txt
LacZ,LacZ_3_HD-Airyscan Processing-98-Channel Alignment (Extended)-116,CH2_555nm,combined_file,1.8,0.01001,0.0,19887.0,6652,Z:\Sujay\RNAi screen\DNA-FISH_RNAi_screen\AP_file_2026\AP_files\OUTPUT\logs\LacZ_3_HD-Airyscan Processing-98-Channel Alignment (Extended)-116_RSFISH_LOG.txt
LacZ,LacZ_3_HD-Airyscan Processing-98-Channel Alignment (Extended)-116,CH3_488nm,combined_file,1.8,0.01573,0.0,7622.0,6070,Z:\Sujay\RNAi screen\DNA-FISH_RNAi_screen\AP_file_2026\AP_files\OUTPUT\logs\LacZ_3_HD-Airyscan Processing-98-Channel Alignment (Extended)-116_RSFISH_LOG.txt
LacZ,LacZ_4_HR-Airyscan Processing-101-Channel Alignment (Extended)-117,CH1_633nm,combined_file,1.8,0.01001,0.0,9221.0,1118,Z:\Sujay\RNAi screen\DNA-FISH_RNAi_screen\AP_file_2026\AP_files\OUTPUT\logs\LacZ_4_HR-Airyscan Processing-101-Channel Alignment (Extended)-117_RSFISH_LOG.txt
LacZ,LacZ_4_HR-Airyscan Processing-101-Channel Alignment (Extended)-117,CH2_555nm,combined_file,1.8,0.01001,0.0,39006.0,1356,Z:\Sujay\RNAi screen\DNA-FISH_RNAi_screen\AP_file_2026\AP_files\OUTPUT\logs\LacZ_4_HR-Airyscan Processing-101-Channel Alignment (Extended)-117_RSFISH_LOG.txt
LacZ,LacZ_4_HR-Airyscan Processing-101-Channel Alignment (Extended)-117,CH3_488nm,per_channel_file,1.8,0.01073,0.0,32588.0,50,Z:\Sujay\RNAi screen\DNA-FISH_RNAi_screen\AP_file_2026\AP_files\OUTPUT\logs\LacZ_4_HR-Airyscan Processing-101-Channel Alignment (Extended)-117_CH3_488nm_RSFISH_LOG.txt
LacZ,LacZ_5_HR-Airyscan Processing-104-Channel Alignment (Extended)-118,CH1_633nm,per_channel_file,1.8,0.002786,0.0,49374.0,315,Z:\Sujay\RNAi screen\DNA-FISH_RNAi_screen\AP_file_2026\AP_files\OUTPUT\logs\LacZ_5_HR-Airyscan Processing-104-Channel Alignment (Extended)-118_CH1_633nm_RSFISH_LOG.txt
LacZ,LacZ_5_HR-Airyscan Processing-104-Channel Alignment (Extended)-118,CH2_555nm,per_channel_file,1.8,0.007551,0.0,49935.0,945,Z:\Sujay\RNAi screen\DNA-FISH_RNAi_screen\AP_file_2026\AP_files\OUTPUT\logs\LacZ_5_HR-Airyscan Processing-104-Channel Alignment (Extended)-118_CH2_555nm_RSFISH_LOG.txt
LacZ,LacZ_5_HR-Airyscan Processing-104-Channel Alignment (Extended)-118,CH3_488nm,combined_file,1.8,0.01573,0.0,6585.0,924,Z:\Sujay\RNAi screen\DNA-FISH_RNAi_screen\AP_file_2026\AP_files\OUTPUT\logs\LacZ_5_HR-Airyscan Processing-104-Channel Alignment (Extended)-118_RSFISH_LOG.txt
LacZ,LacZ_6_HL-Airyscan Processing-105-Channel Alignment (Extended)-119,CH1_633nm,combined_file,1.8,0.01001,0.0,6433.0,1120,Z:\Sujay\RNAi screen\DNA-FISH_RNAi_screen\AP_file_2026\AP_files\OUTPUT\logs\LacZ_6_HL-Airyscan Processing-105-Channel Alignment (Extended)-119_RSFISH_LOG.txt
LacZ,LacZ_6_HL-Airyscan Processing-105-Channel Alignment (Extended)-119,CH2_555nm,combined_file,1.8,0.01001,0.0,26049.0,1364,Z:\Sujay\RNAi screen\DNA-FISH_RNAi_screen\AP_file_2026\AP_files\OUTPUT\logs\LacZ_6_HL-Airyscan Processing-105-Channel Alignment (Extended)-119_RSFISH_LOG.txt
LacZ,LacZ_6_HL-Airyscan Processing-105-Channel Alignment (Extended)-119,CH3_488nm,combined_file,1.8,0.01573,0.0,7303.0,816,Z:\Sujay\RNAi screen\DNA-FISH_RNAi_screen\AP_file_2026\AP_files\OUTPUT\logs\LacZ_6_HL-Airyscan Processing-105-Channel Alignment (Extended)-119_RSFISH_LOG.txt
LacZ,LacZ_7_HR-Airyscan Processing-107-Channel Alignment (Extended)-120,CH1_633nm,combined_file,1.8,0.01001,0.0,5278.0,6570,Z:\Sujay\RNAi screen\DNA-FISH_RNAi_screen\AP_file_2026\AP_files\OUTPUT\logs\LacZ_7_HR-Airyscan Processing-107-Channel Alignment (Extended)-120_RSFISH_LOG.txt
LacZ,LacZ_7_HR-Airyscan Processing-107-Channel Alignment (Extended)-120,CH2_555nm,combined_file,1.8,0.01001,0.0,17264.0,3124,Z:\Sujay\RNAi screen\DNA-FISH_RNAi_screen\AP_file_2026\AP_files\OUTPUT\logs\LacZ_7_HR-Airyscan Processing-107-Channel Alignment (Extended)-120_RSFISH_LOG.txt
LacZ,LacZ_7_HR-Airyscan Processing-107-Channel Alignment (Extended)-120,CH3_488nm,combined_file,1.8,0.01573,0.0,7136.0,1640,Z:\Sujay\RNAi screen\DNA-FISH_RNAi_screen\AP_file_2026\AP_files\OUTPUT\logs\LacZ_7_HR-Airyscan Processing-107-Channel Alignment (Extended)-120_RSFISH_LOG.txt
LacZ,LacZ_8_HR-Airyscan Processing-29-Channel Alignment (Extended)-41,CH1_633nm,combined_file,1.8,0.01001,0.0,11663.0,1906,Z:\Sujay\RNAi screen\DNA-FISH_RNAi_screen\AP_file_2026\AP_files\OUTPUT\logs\LacZ_8_HR-Airyscan Processing-29-Channel Alignment (Extended)-41_RSFISH_LOG.txt
LacZ,LacZ_8_HR-Airyscan Processing-29-Channel Alignment (Extended)-41,CH2_555nm,combined_file,1.8,0.01001,0.0,37226.0,3015,Z:\Sujay\RNAi screen\DNA-FISH_RNAi_screen\AP_file_2026\AP_files\OUTPUT\logs\LacZ_8_HR-Airyscan Processing-29-Channel Alignment (Extended)-41_RSFISH_LOG.txt
LacZ,LacZ_8_HR-Airyscan Processing-29-Channel Alignment (Extended)-41,CH3_488nm,combined_file,1.8,0.01573,0.0,7055.0,1363,Z:\Sujay\RNAi screen\DNA-FISH_RNAi_screen\AP_file_2026\AP_files\OUTPUT\logs\LacZ_8_HR-Airyscan Processing-29-Channel Alignment (Extended)-41_RSFISH_LOG.txt
LacZ,LacZ_9_HB-Airyscan Processing-109-Channel Alignment (Extended)-121,CH1_633nm,combined_file,1.8,0.01001,0.0,28325.0,1120,Z:\Sujay\RNAi screen\DNA-FISH_RNAi_screen\AP_file_2026\AP_files\OUTPUT\logs\LacZ_9_HB-Airyscan Processing-109-Channel Alignment (Extended)-121_RSFISH_LOG.txt
LacZ,LacZ_9_HB-Airyscan Processing-109-Channel Alignment (Extended)-121,CH2_555nm,combined_file,1.8,0.01001,0.0,60173.0,5194,Z:\Sujay\RNAi screen\DNA-FISH_RNAi_screen\AP_file_2026\AP_files\OUTPUT\logs\LacZ_9_HB-Airyscan Processing-109-Channel Alignment (Extended)-121_RSFISH_LOG.txt
LacZ,LacZ_9_HB-Airyscan Processing-109-Channel Alignment (Extended)-121,CH3_488nm,combined_file,1.8,0.01573,0.0,15169.0,5971,Z:\Sujay\RNAi screen\DNA-FISH_RNAi_screen\AP_file_2026\AP_files\OUTPUT\logs\LacZ_9_HB-Airyscan Processing-109-Channel Alignment (Extended)-121_RSFISH_LOG.txt
Med13,Med13_10_HU-Airyscan Processing-231-Channel Alignment (Extended)-241,CH1_633nm,combined_file,1.8,0.01001,0.0,3351.0,10237,Z:\Sujay\RNAi screen\DNA-FISH_RNAi_screen\AP_file_2026\AP_files\OUTPUT\logs\Med13_10_HU-Airyscan Processing-231-Channel Alignment (Extended)-241_RSFISH_LOG.txt
Med13,Med13_10_HU-Airyscan Processing-231-Channel Alignment (Extended)-241,CH2_555nm,combined_file,1.8,0.01001,0.0,27775.0,1010,Z:\Sujay\RNAi screen\DNA-FISH_RNAi_screen\AP_file_2026\AP_files\OUTPUT\logs\Med13_10_HU-Airyscan Processing-231-Channel Alignment (Extended)-241_RSFISH_LOG.txt
Med13,Med13_10_HU-Airyscan Processing-231-Channel Alignment (Extended)-241,CH3_488nm,combined_file,1.8,0.01573,0.0,9245.0,557,Z:\Sujay\RNAi screen\DNA-FISH_RNAi_screen\AP_file_2026\AP_files\OUTPUT\logs\Med13_10_HU-Airyscan Processing-231-Channel Alignment (Extended)-241_RSFISH_LOG.txt
Med13,Med13_11_hl-Airyscan Processing-232-Channel Alignment (Extended)-242,CH1_633nm,combined_file,1.8,0.01001,0.0,3708.0,1434,Z:\Sujay\RNAi screen\DNA-FISH_RNAi_screen\AP_file_2026\AP_files\OUTPUT\logs\Med13_11_hl-Airyscan Processing-232-Channel Alignment (Extended)-242_RSFISH_LOG.txt
Med13,Med13_11_hl-Airyscan Processing-232-Channel Alignment (Extended)-242,CH2_555nm,per_channel_file,1.8,0.007551,0.0,53587.0,416,Z:\Sujay\RNAi screen\DNA-FISH_RNAi_screen\AP_file_2026\AP_files\OUTPUT\logs\Med13_11_hl-Airyscan Processing-232-Channel Alignment (Extended)-242_CH2_555nm_RSFISH_LOG.txt
Med13,Med13_11_hl-Airyscan Processing-232-Channel Alignment (Extended)-242,CH3_488nm,combined_file,1.8,0.01573,0.0,7395.0,951,Z:\Sujay\RNAi screen\DNA-FISH_RNAi_screen\AP_file_2026\AP_files\OUTPUT\logs\Med13_11_hl-Airyscan Processing-232-Channel Alignment (Extended)-242_RSFISH_LOG.txt
Med13,Med13_12_HU-Airyscan Processing-233-Channel Alignment (Extended)-243,CH1_633nm,per_channel_file,1.8,0.002786,0.0,15714.0,2741,Z:\Sujay\RNAi screen\DNA-FISH_RNAi_screen\AP_file_2026\AP_files\OUTPUT\logs\Med13_12_HU-Airyscan Processing-233-Channel Alignment (Extended)-243_CH1_633nm_RSFISH_LOG.txt
Med13,Med13_12_HU-Airyscan Processing-233-Channel Alignment (Extended)-243,CH2_555nm,combined_file,1.8,0.01001,0.0,14615.0,4590,Z:\Sujay\RNAi screen\DNA-FISH_RNAi_screen\AP_file_2026\AP_files\OUTPUT\logs\Med13_12_HU-Airyscan Processing-233-Channel Alignment (Extended)-243_RSFISH_LOG.txt
Med13,Med13_12_HU-Airyscan Processing-233-Channel Alignment (Extended)-243,CH3_488nm,combined_file,1.8,0.01573,0.0,6759.0,2989,Z:\Sujay\RNAi screen\DNA-FISH_RNAi_screen\AP_file_2026\AP_files\OUTPUT\logs\Med13_12_HU-Airyscan Processing-233-Channel Alignment (Extended)-243_RSFISH_LOG.txt
Med13,Med13_13_HB-Airyscan Processing-234-Channel Alignment (Extended)-244,CH1_633nm,combined_file,1.8,0.01001,0.0,3402.0,12119,Z:\Sujay\RNAi screen\DNA-FISH_RNAi_screen\AP_file_2026\AP_files\OUTPUT\logs\Med13_13_HB-Airyscan Processing-234-Channel Alignment (Extended)-244_RSFISH_LOG.txt
Med13,Med13_13_HB-Airyscan Processing-234-Channel Alignment (Extended)-244,CH2_555nm,combined_file,1.8,0.01001,0.0,11726.0,4651,Z:\Sujay\RNAi screen\DNA-FISH_RNAi_screen\AP_file_2026\AP_files\OUTPUT\logs\Med13_13_HB-Airyscan Processing-234-Channel Alignment (Extended)-244_RSFISH_LOG.txt
Med13,Med13_13_HB-Airyscan Processing-234-Channel Alignment (Extended)-244,CH3_488nm,combined_file,1.8,0.01573,0.0,5900.0,2583,Z:\Sujay\RNAi screen\DNA-FISH_RNAi_screen\AP_file_2026\AP_files\OUTPUT\logs\Med13_13_HB-Airyscan Processing-234-Channel Alignment (Extended)-244_RSFISH_LOG.txt
Med13,Med13_14_HL-Airyscan Processing-235-Channel Alignment (Extended)-245,CH1_633nm,per_channel_file,1.8,0.002786,0.0,13821.0,10634,Z:\Sujay\RNAi screen\DNA-FISH_RNAi_screen\AP_file_2026\AP_files\OUTPUT\logs\Med13_14_HL-Airyscan Processing-235-Channel Alignment (Extended)-245_CH1_633nm_RSFISH_LOG.txt
Med13,Med13_14_HL-Airyscan Processing-235-Channel Alignment (Extended)-245,CH2_555nm,combined_file,1.8,0.01001,0.0,23784.0,2224,Z:\Sujay\RNAi screen\DNA-FISH_RNAi_screen\AP_file_2026\AP_files\OUTPUT\logs\Med13_14_HL-Airyscan Processing-235-Channel Alignment (Extended)-245_RSFISH_LOG.txt
Med13,Med13_14_HL-Airyscan Processing-235-Channel Alignment (Extended)-245,CH3_488nm,combined_file,1.8,0.01573,0.0,6479.0,2313,Z:\Sujay\RNAi screen\DNA-FISH_RNAi_screen\AP_file_2026\AP_files\OUTPUT\logs\Med13_14_HL-Airyscan Processing-235-Channel Alignment (Extended)-245_RSFISH_LOG.txt
Med13,Med13_15_HHB-Airyscan Processing-236-Channel Alignment (Extended)-246,CH1_633nm,combined_file,1.8,0.01001,0.0,4047.0,4855,Z:\Sujay\RNAi screen\DNA-FISH_RNAi_screen\AP_file_2026\AP_files\OUTPUT\logs\Med13_15_HHB-Airyscan Processing-236-Channel Alignment (Extended)-246_RSFISH_LOG.txt
Med13,Med13_15_HHB-Airyscan Processing-236-Channel Alignment (Extended)-246,CH2_555nm,combined_file,1.8,0.01001,0.0,24386.0,1625,Z:\Sujay\RNAi screen\DNA-FISH_RNAi_screen\AP_file_2026\AP_files\OUTPUT\logs\Med13_15_HHB-Airyscan Processing-236-Channel Alignment (Extended)-246_RSFISH_LOG.txt
Med13,Med13_15_HHB-Airyscan Processing-236-Channel Alignment (Extended)-246,CH3_488nm,combined_file,1.8,0.01573,0.0,6054.0,1499,Z:\Sujay\RNAi screen\DNA-FISH_RNAi_screen\AP_file_2026\AP_files\OUTPUT\logs\Med13_15_HHB-Airyscan Processing-236-Channel Alignment (Extended)-246_RSFISH_LOG.txt
Med13,Med13_8_HU-Airyscan Processing-229-Channel Alignment (Extended)-239,CH1_633nm,per_channel_file,1.8,0.002786,0.0,25721.0,1111,Z:\Sujay\RNAi screen\DNA-FISH_RNAi_screen\AP_file_2026\AP_files\OUTPUT\logs\Med13_8_HU-Airyscan Processing-229-Channel Alignment (Extended)-239_CH1_633nm_RSFISH_LOG.txt
Med13,Med13_8_HU-Airyscan Processing-229-Channel Alignment (Extended)-239,CH2_555nm,combined_file,1.8,0.01001,0.0,35227.0,1005,Z:\Sujay\RNAi screen\DNA-FISH_RNAi_screen\AP_file_2026\AP_files\OUTPUT\logs\Med13_8_HU-Airyscan Processing-229-Channel Alignment (Extended)-239_RSFISH_LOG.txt
Med13,Med13_8_HU-Airyscan Processing-229-Channel Alignment (Extended)-239,CH3_488nm,combined_file,1.8,0.01573,0.0,6451.0,1126,Z:\Sujay\RNAi screen\DNA-FISH_RNAi_screen\AP_file_2026\AP_files\OUTPUT\logs\Med13_8_HU-Airyscan Processing-229-Channel Alignment (Extended)-239_RSFISH_LOG.txt
Med13,Med13_9_HR-Airyscan Processing-230-Channel Alignment (Extended)-240,CH1_633nm,combined_file,1.8,0.01001,0.0,3526.0,2323,Z:\Sujay\RNAi screen\DNA-FISH_RNAi_screen\AP_file_2026\AP_files\OUTPUT\logs\Med13_9_HR-Airyscan Processing-230-Channel Alignment (Extended)-240_RSFISH_LOG.txt
Med13,Med13_9_HR-Airyscan Processing-230-Channel Alignment (Extended)-240,CH2_555nm,combined_file,1.8,0.01001,0.0,9119.0,3493,Z:\Sujay\RNAi screen\DNA-FISH_RNAi_screen\AP_file_2026\AP_files\OUTPUT\logs\Med13_9_HR-Airyscan Processing-230-Channel Alignment (Extended)-240_RSFISH_LOG.txt
Med13,Med13_9_HR-Airyscan Processing-230-Channel Alignment (Extended)-240,CH3_488nm,combined_file,1.8,0.01573,0.0,8213.0,685,Z:\Sujay\RNAi screen\DNA-FISH_RNAi_screen\AP_file_2026\AP_files\OUTPUT\logs\Med13_9_HR-Airyscan Processing-230-Channel Alignment (Extended)-240_RSFISH_LOG.txt
Med13,med13_1_hb-Airyscan Processing-216-Channel Alignment (Extended)-221,CH1_633nm,combined_file,1.8,0.01001,0.0,3072.0,7736,Z:\Sujay\RNAi screen\DNA-FISH_RNAi_screen\AP_file_2026\AP_files\OUTPUT\logs\med13_1_hb-Airyscan Processing-216-Channel Alignment (Extended)-221_RSFISH_LOG.txt
Med13,med13_1_hb-Airyscan Processing-216-Channel Alignment (Extended)-221,CH2_555nm,combined_file,1.8,0.01001,0.0,9048.0,6135,Z:\Sujay\RNAi screen\DNA-FISH_RNAi_screen\AP_file_2026\AP_files\OUTPUT\logs\med13_1_hb-Airyscan Processing-216-Channel Alignment (Extended)-221_RSFISH_LOG.txt
Med13,med13_1_hb-Airyscan Processing-216-Channel Alignment (Extended)-221,CH3_488nm,combined_file,1.8,0.01573,0.0,5096.0,2425,Z:\Sujay\RNAi screen\DNA-FISH_RNAi_screen\AP_file_2026\AP_files\OUTPUT\logs\med13_1_hb-Airyscan Processing-216-Channel Alignment (Extended)-221_RSFISH_LOG.txt
Med13,med13_2_HR-Airyscan Processing-217-Channel Alignment (Extended)-222,CH1_633nm,combined_file,1.8,0.01001,0.0,6660.0,1334,Z:\Sujay\RNAi screen\DNA-FISH_RNAi_screen\AP_file_2026\AP_files\OUTPUT\logs\med13_2_HR-Airyscan Processing-217-Channel Alignment (Extended)-222_RSFISH_LOG.txt
Med13,med13_2_HR-Airyscan Processing-217-Channel Alignment (Extended)-222,CH2_555nm,combined_file,1.8,0.01001,0.0,13058.0,3146,Z:\Sujay\RNAi screen\DNA-FISH_RNAi_screen\AP_file_2026\AP_files\OUTPUT\logs\med13_2_HR-Airyscan Processing-217-Channel Alignment (Extended)-222_RSFISH_LOG.txt
Med13,med13_2_HR-Airyscan Processing-217-Channel Alignment (Extended)-222,CH3_488nm,combined_file,1.8,0.01573,0.0,5340.0,1510,Z:\Sujay\RNAi screen\DNA-FISH_RNAi_screen\AP_file_2026\AP_files\OUTPUT\logs\med13_2_HR-Airyscan Processing-217-Channel Alignment (Extended)-222_RSFISH_LOG.txt
Med13,med13_3_HU-Airyscan Processing-218-Channel Alignment (Extended)-223,CH1_633nm,per_channel_file,1.8,0.002786,0.0,23951.0,1095,Z:\Sujay\RNAi screen\DNA-FISH_RNAi_screen\AP_file_2026\AP_files\OUTPUT\logs\med13_3_HU-Airyscan Processing-218-Channel Alignment (Extended)-223_CH1_633nm_RSFISH_LOG.txt
Med13,med13_3_HU-Airyscan Processing-218-Channel Alignment (Extended)-223,CH2_555nm,combined_file,1.8,0.01001,0.0,14530.0,2891,Z:\Sujay\RNAi screen\DNA-FISH_RNAi_screen\AP_file_2026\AP_files\OUTPUT\logs\med13_3_HU-Airyscan Processing-218-Channel Alignment (Extended)-223_RSFISH_LOG.txt
Med13,med13_3_HU-Airyscan Processing-218-Channel Alignment (Extended)-223,CH3_488nm,combined_file,1.8,0.01573,0.0,5361.0,1973,Z:\Sujay\RNAi screen\DNA-FISH_RNAi_screen\AP_file_2026\AP_files\OUTPUT\logs\med13_3_HU-Airyscan Processing-218-Channel Alignment (Extended)-223_RSFISH_LOG.txt
Med13,med13_4_HU-Airyscan Processing-219-Channel Alignment (Extended)-224,CH1_633nm,combined_file,1.8,0.01001,0.0,4370.0,2310,Z:\Sujay\RNAi screen\DNA-FISH_RNAi_screen\AP_file_2026\AP_files\OUTPUT\logs\med13_4_HU-Airyscan Processing-219-Channel Alignment (Extended)-224_RSFISH_LOG.txt
Med13,med13_4_HU-Airyscan Processing-219-Channel Alignment (Extended)-224,CH2_555nm,combined_file,1.8,0.01001,0.0,27677.0,1283,Z:\Sujay\RNAi screen\DNA-FISH_RNAi_screen\AP_file_2026\AP_files\OUTPUT\logs\med13_4_HU-Airyscan Processing-219-Channel Alignment (Extended)-224_RSFISH_LOG.txt
Med13,med13_4_HU-Airyscan Processing-219-Channel Alignment (Extended)-224,CH3_488nm,combined_file,1.8,0.01573,0.0,6282.0,1156,Z:\Sujay\RNAi screen\DNA-FISH_RNAi_screen\AP_file_2026\AP_files\OUTPUT\logs\med13_4_HU-Airyscan Processing-219-Channel Alignment (Extended)-224_RSFISH_LOG.txt
Med13,med13_5_HU-Airyscan Processing-22-Channel Alignment (Extended)-129,CH1_633nm,combined_file,1.8,0.01001,0.0,5241.0,1429,Z:\Sujay\RNAi screen\DNA-FISH_RNAi_screen\AP_file_2026\AP_files\OUTPUT\logs\med13_5_HU-Airyscan Processing-22-Channel Alignment (Extended)-129_RSFISH_LOG.txt
Med13,med13_5_HU-Airyscan Processing-22-Channel Alignment (Extended)-129,CH2_555nm,combined_file,1.8,0.01001,0.0,22694.0,1071,Z:\Sujay\RNAi screen\DNA-FISH_RNAi_screen\AP_file_2026\AP_files\OUTPUT\logs\med13_5_HU-Airyscan Processing-22-Channel Alignment (Extended)-129_RSFISH_LOG.txt
Med13,med13_5_HU-Airyscan Processing-22-Channel Alignment (Extended)-129,CH3_488nm,combined_file,1.8,0.01573,0.0,5847.0,944,Z:\Sujay\RNAi screen\DNA-FISH_RNAi_screen\AP_file_2026\AP_files\OUTPUT\logs\med13_5_HU-Airyscan Processing-22-Channel Alignment (Extended)-129_RSFISH_LOG.txt
Med13,med13_5_HU-Airyscan Processing-220-Channel Alignment (Extended)-225,CH1_633nm,combined_file,1.8,0.01001,0.0,5515.0,1332,Z:\Sujay\RNAi screen\DNA-FISH_RNAi_screen\AP_file_2026\AP_files\OUTPUT\logs\med13_5_HU-Airyscan Processing-220-Channel Alignment (Extended)-225_RSFISH_LOG.txt
Med13,med13_5_HU-Airyscan Processing-220-Channel Alignment (Extended)-225,CH2_555nm,combined_file,1.8,0.01001,0.0,27287.0,1057,Z:\Sujay\RNAi screen\DNA-FISH_RNAi_screen\AP_file_2026\AP_files\OUTPUT\logs\med13_5_HU-Airyscan Processing-220-Channel Alignment (Extended)-225_RSFISH_LOG.txt
Med13,med13_5_HU-Airyscan Processing-220-Channel Alignment (Extended)-225,CH3_488nm,combined_file,1.8,0.01573,0.0,5788.0,1032,Z:\Sujay\RNAi screen\DNA-FISH_RNAi_screen\AP_file_2026\AP_files\OUTPUT\logs\med13_5_HU-Airyscan Processing-220-Channel Alignment (Extended)-225_RSFISH_LOG.txt
Med13,med13_6_HU-Airyscan Processing-226-Channel Alignment (Extended)-237,CH1_633nm,combined_file,1.8,0.01001,0.0,9386.0,538,Z:\Sujay\RNAi screen\DNA-FISH_RNAi_screen\AP_file_2026\AP_files\OUTPUT\logs\med13_6_HU-Airyscan Processing-226-Channel Alignment (Extended)-237_RSFISH_LOG.txt
Med13,med13_6_HU-Airyscan Processing-226-Channel Alignment (Extended)-237,CH2_555nm,combined_file,1.8,0.01001,0.0,11570.0,3687,Z:\Sujay\RNAi screen\DNA-FISH_RNAi_screen\AP_file_2026\AP_files\OUTPUT\logs\med13_6_HU-Airyscan Processing-226-Channel Alignment (Extended)-237_RSFISH_LOG.txt
Med13,med13_6_HU-Airyscan Processing-226-Channel Alignment (Extended)-237,CH3_488nm,combined_file,1.8,0.01573,0.0,8103.0,1169,Z:\Sujay\RNAi screen\DNA-FISH_RNAi_screen\AP_file_2026\AP_files\OUTPUT\logs\med13_6_HU-Airyscan Processing-226-Channel Alignment (Extended)-237_RSFISH_LOG.txt
Med13,med13_7_HR-Airyscan Processing-227-Channel Alignment (Extended)-238,CH1_633nm,combined_file,1.8,0.01001,0.0,7093.0,642,Z:\Sujay\RNAi screen\DNA-FISH_RNAi_screen\AP_file_2026\AP_files\OUTPUT\logs\med13_7_HR-Airyscan Processing-227-Channel Alignment (Extended)-238_RSFISH_LOG.txt
Med13,med13_7_HR-Airyscan Processing-227-Channel Alignment (Extended)-238,CH2_555nm,combined_file,1.8,0.01001,0.0,26786.0,1131,Z:\Sujay\RNAi screen\DNA-FISH_RNAi_screen\AP_file_2026\AP_files\OUTPUT\logs\med13_7_HR-Airyscan Processing-227-Channel Alignment (Extended)-238_RSFISH_LOG.txt
Med13,med13_7_HR-Airyscan Processing-227-Channel Alignment (Extended)-238,CH3_488nm,combined_file,1.8,0.01573,0.0,5706.0,1141,Z:\Sujay\RNAi screen\DNA-FISH_RNAi_screen\AP_file_2026\AP_files\OUTPUT\logs\med13_7_HR-Airyscan Processing-227-Channel Alignment (Extended)-238_RSFISH_LOG.txt
Pnr,Pnr_10_HR-Airyscan Processing-74-Channel Alignment (Extended)-80,CH1_633nm,per_channel_file,1.8,0.002786,0.0,39435.0,241,Z:\Sujay\RNAi screen\DNA-FISH_RNAi_screen\AP_file_2026\AP_files\OUTPUT\logs\Pnr_10_HR-Airyscan Processing-74-Channel Alignment (Extended)-80_CH1_633nm_RSFISH_LOG.txt
Pnr,Pnr_10_HR-Airyscan Processing-74-Channel Alignment (Extended)-80,CH2_555nm,combined_file,1.8,0.01001,0.0,32482.0,848,Z:\Sujay\RNAi screen\DNA-FISH_RNAi_screen\AP_file_2026\AP_files\OUTPUT\logs\Pnr_10_HR-Airyscan Processing-74-Channel Alignment (Extended)-80_RSFISH_LOG.txt
Pnr,Pnr_10_HR-Airyscan Processing-74-Channel Alignment (Extended)-80,CH3_488nm,combined_file,1.8,0.01573,0.0,6804.0,1380,Z:\Sujay\RNAi screen\DNA-FISH_RNAi_screen\AP_file_2026\AP_files\OUTPUT\logs\Pnr_10_HR-Airyscan Processing-74-Channel Alignment (Extended)-80_RSFISH_LOG.txt
Pnr,Pnr_11_HB-Airyscan Processing-75-Channel Alignment (Extended)-79,CH1_633nm,combined_file,1.8,0.01001,0.0,6245.0,3289,Z:\Sujay\RNAi screen\DNA-FISH_RNAi_screen\AP_file_2026\AP_files\OUTPUT\logs\Pnr_11_HB-Airyscan Processing-75-Channel Alignment (Extended)-79_RSFISH_LOG.txt
Pnr,Pnr_11_HB-Airyscan Processing-75-Channel Alignment (Extended)-79,CH2_555nm,combined_file,1.8,0.01001,0.0,19736.0,4374,Z:\Sujay\RNAi screen\DNA-FISH_RNAi_screen\AP_file_2026\AP_files\OUTPUT\logs\Pnr_11_HB-Airyscan Processing-75-Channel Alignment (Extended)-79_RSFISH_LOG.txt
Pnr,Pnr_11_HB-Airyscan Processing-75-Channel Alignment (Extended)-79,CH3_488nm,combined_file,1.8,0.01573,0.0,7111.0,2942,Z:\Sujay\RNAi screen\DNA-FISH_RNAi_screen\AP_file_2026\AP_files\OUTPUT\logs\Pnr_11_HB-Airyscan Processing-75-Channel Alignment (Extended)-79_RSFISH_LOG.txt
Pnr,Pnr_12_HB-Airyscan Processing-90-Channel Alignment (Extended)-91,CH1_633nm,combined_file,1.8,0.01001,0.0,4927.0,4924,Z:\Sujay\RNAi screen\DNA-FISH_RNAi_screen\AP_file_2026\AP_files\OUTPUT\logs\Pnr_12_HB-Airyscan Processing-90-Channel Alignment (Extended)-91_RSFISH_LOG.txt
Pnr,Pnr_12_HB-Airyscan Processing-90-Channel Alignment (Extended)-91,CH2_555nm,combined_file,1.8,0.01001,0.0,30993.0,1795,Z:\Sujay\RNAi screen\DNA-FISH_RNAi_screen\AP_file_2026\AP_files\OUTPUT\logs\Pnr_12_HB-Airyscan Processing-90-Channel Alignment (Extended)-91_RSFISH_LOG.txt
Pnr,Pnr_12_HB-Airyscan Processing-90-Channel Alignment (Extended)-91,CH3_488nm,combined_file,1.8,0.01573,0.0,6871.0,3090,Z:\Sujay\RNAi screen\DNA-FISH_RNAi_screen\AP_file_2026\AP_files\OUTPUT\logs\Pnr_12_HB-Airyscan Processing-90-Channel Alignment (Extended)-91_RSFISH_LOG.txt
Pnr,Pnr_13_HR-Airyscan Processing-82-Channel Alignment (Extended)-85,CH1_633nm,combined_file,1.8,0.01001,0.0,4951.0,8257,Z:\Sujay\RNAi screen\DNA-FISH_RNAi_screen\AP_file_2026\AP_files\OUTPUT\logs\Pnr_13_HR-Airyscan Processing-82-Channel Alignment (Extended)-85_RSFISH_LOG.txt
Pnr,Pnr_13_HR-Airyscan Processing-82-Channel Alignment (Extended)-85,CH2_555nm,combined_file,1.8,0.01001,0.0,26795.0,2883,Z:\Sujay\RNAi screen\DNA-FISH_RNAi_screen\AP_file_2026\AP_files\OUTPUT\logs\Pnr_13_HR-Airyscan Processing-82-Channel Alignment (Extended)-85_RSFISH_LOG.txt
Pnr,Pnr_13_HR-Airyscan Processing-82-Channel Alignment (Extended)-85,CH3_488nm,combined_file,1.8,0.01573,0.0,6505.0,3802,Z:\Sujay\RNAi screen\DNA-FISH_RNAi_screen\AP_file_2026\AP_files\OUTPUT\logs\Pnr_13_HR-Airyscan Processing-82-Channel Alignment (Extended)-85_RSFISH_LOG.txt
Pnr,Pnr_14_HU-Airyscan Processing-83-Channel Alignment (Extended)-86,CH1_633nm,combined_file,1.8,0.01001,0.0,6425.0,971,Z:\Sujay\RNAi screen\DNA-FISH_RNAi_screen\AP_file_2026\AP_files\OUTPUT\logs\Pnr_14_HU-Airyscan Processing-83-Channel Alignment (Extended)-86_RSFISH_LOG.txt
Pnr,Pnr_14_HU-Airyscan Processing-83-Channel Alignment (Extended)-86,CH2_555nm,combined_file,1.8,0.01001,0.0,25877.0,1551,Z:\Sujay\RNAi screen\DNA-FISH_RNAi_screen\AP_file_2026\AP_files\OUTPUT\logs\Pnr_14_HU-Airyscan Processing-83-Channel Alignment (Extended)-86_RSFISH_LOG.txt
Pnr,Pnr_14_HU-Airyscan Processing-83-Channel Alignment (Extended)-86,CH3_488nm,combined_file,1.8,0.01573,0.0,5646.0,2671,Z:\Sujay\RNAi screen\DNA-FISH_RNAi_screen\AP_file_2026\AP_files\OUTPUT\logs\Pnr_14_HU-Airyscan Processing-83-Channel Alignment (Extended)-86_RSFISH_LOG.txt
Pnr,Pnr_15_HL-Airyscan Processing-84-Channel Alignment (Extended)-87,CH1_633nm,combined_file,1.8,0.01001,0.0,8821.0,741,Z:\Sujay\RNAi screen\DNA-FISH_RNAi_screen\AP_file_2026\AP_files\OUTPUT\logs\Pnr_15_HL-Airyscan Processing-84-Channel Alignment (Extended)-87_RSFISH_LOG.txt
Pnr,Pnr_15_HL-Airyscan Processing-84-Channel Alignment (Extended)-87,CH2_555nm,combined_file,1.8,0.01001,0.0,23092.0,2841,Z:\Sujay\RNAi screen\DNA-FISH_RNAi_screen\AP_file_2026\AP_files\OUTPUT\logs\Pnr_15_HL-Airyscan Processing-84-Channel Alignment (Extended)-87_RSFISH_LOG.txt
Pnr,Pnr_15_HL-Airyscan Processing-84-Channel Alignment (Extended)-87,CH3_488nm,combined_file,1.8,0.01573,0.0,6502.0,3412,Z:\Sujay\RNAi screen\DNA-FISH_RNAi_screen\AP_file_2026\AP_files\OUTPUT\logs\Pnr_15_HL-Airyscan Processing-84-Channel Alignment (Extended)-87_RSFISH_LOG.txt
Pnr,Pnr_1_HR-Airyscan Processing-52-Channel Alignment (Extended)-59,CH1_633nm,per_channel_file,1.8,0.002786,0.0,12994.0,15582,Z:\Sujay\RNAi screen\DNA-FISH_RNAi_screen\AP_file_2026\AP_files\OUTPUT\logs\Pnr_1_HR-Airyscan Processing-52-Channel Alignment (Extended)-59_CH1_633nm_RSFISH_LOG.txt
Pnr,Pnr_1_HR-Airyscan Processing-52-Channel Alignment (Extended)-59,CH2_555nm,combined_file,1.8,0.01001,0.0,25465.0,2318,Z:\Sujay\RNAi screen\DNA-FISH_RNAi_screen\AP_file_2026\AP_files\OUTPUT\logs\Pnr_1_HR-Airyscan Processing-52-Channel Alignment (Extended)-59_RSFISH_LOG.txt
Pnr,Pnr_1_HR-Airyscan Processing-52-Channel Alignment (Extended)-59,CH3_488nm,combined_file,1.8,0.01573,0.0,6118.0,3722,Z:\Sujay\RNAi screen\DNA-FISH_RNAi_screen\AP_file_2026\AP_files\OUTPUT\logs\Pnr_1_HR-Airyscan Processing-52-Channel Alignment (Extended)-59_RSFISH_LOG.txt
Pnr,Pnr_2_HL-Airyscan Processing-53-Channel Alignment (Extended)-60,CH1_633nm,per_channel_file,1.8,0.002786,0.0,29710.0,1049,Z:\Sujay\RNAi screen\DNA-FISH_RNAi_screen\AP_file_2026\AP_files\OUTPUT\logs\Pnr_2_HL-Airyscan Processing-53-Channel Alignment (Extended)-60_CH1_633nm_RSFISH_LOG.txt
Pnr,Pnr_2_HL-Airyscan Processing-53-Channel Alignment (Extended)-60,CH2_555nm,combined_file,1.8,0.01001,0.0,19291.0,2828,Z:\Sujay\RNAi screen\DNA-FISH_RNAi_screen\AP_file_2026\AP_files\OUTPUT\logs\Pnr_2_HL-Airyscan Processing-53-Channel Alignment (Extended)-60_RSFISH_LOG.txt
Pnr,Pnr_2_HL-Airyscan Processing-53-Channel Alignment (Extended)-60,CH3_488nm,combined_file,1.8,0.01573,0.0,6557.0,2077,Z:\Sujay\RNAi screen\DNA-FISH_RNAi_screen\AP_file_2026\AP_files\OUTPUT\logs\Pnr_2_HL-Airyscan Processing-53-Channel Alignment (Extended)-60_RSFISH_LOG.txt
Pnr,Pnr_3_HU-Airyscan Processing-61-Channel Alignment (Extended)-63,CH1_633nm,per_channel_file,1.8,0.002786,0.0,14820.0,12091,Z:\Sujay\RNAi screen\DNA-FISH_RNAi_screen\AP_file_2026\AP_files\OUTPUT\logs\Pnr_3_HU-Airyscan Processing-61-Channel Alignment (Extended)-63_CH1_633nm_RSFISH_LOG.txt
Pnr,Pnr_3_HU-Airyscan Processing-61-Channel Alignment (Extended)-63,CH2_555nm,combined_file,1.8,0.01001,0.0,22314.0,2252,Z:\Sujay\RNAi screen\DNA-FISH_RNAi_screen\AP_file_2026\AP_files\OUTPUT\logs\Pnr_3_HU-Airyscan Processing-61-Channel Alignment (Extended)-63_RSFISH_LOG.txt
Pnr,Pnr_3_HU-Airyscan Processing-61-Channel Alignment (Extended)-63,CH3_488nm,combined_file,1.8,0.01573,0.0,7281.0,1711,Z:\Sujay\RNAi screen\DNA-FISH_RNAi_screen\AP_file_2026\AP_files\OUTPUT\logs\Pnr_3_HU-Airyscan Processing-61-Channel Alignment (Extended)-63_RSFISH_LOG.txt
Pnr,Pnr_4_HL-Airyscan Processing-62-Channel Alignment (Extended)-64,CH1_633nm,per_channel_file,1.8,0.002786,0.0,12907.0,10797,Z:\Sujay\RNAi screen\DNA-FISH_RNAi_screen\AP_file_2026\AP_files\OUTPUT\logs\Pnr_4_HL-Airyscan Processing-62-Channel Alignment (Extended)-64_CH1_633nm_RSFISH_LOG.txt
Pnr,Pnr_4_HL-Airyscan Processing-62-Channel Alignment (Extended)-64,CH2_555nm,combined_file,1.8,0.01001,0.0,18421.0,2887,Z:\Sujay\RNAi screen\DNA-FISH_RNAi_screen\AP_file_2026\AP_files\OUTPUT\logs\Pnr_4_HL-Airyscan Processing-62-Channel Alignment (Extended)-64_RSFISH_LOG.txt
Pnr,Pnr_4_HL-Airyscan Processing-62-Channel Alignment (Extended)-64,CH3_488nm,combined_file,1.8,0.01573,0.0,7556.0,2178,Z:\Sujay\RNAi screen\DNA-FISH_RNAi_screen\AP_file_2026\AP_files\OUTPUT\logs\Pnr_4_HL-Airyscan Processing-62-Channel Alignment (Extended)-64_RSFISH_LOG.txt
Pnr,Pnr_5_HU-Airyscan Processing-65-Channel Alignment (Extended)-69,CH1_633nm,per_channel_file,1.8,0.002786,0.0,8429.0,94089,Z:\Sujay\RNAi screen\DNA-FISH_RNAi_screen\AP_file_2026\AP_files\OUTPUT\logs\Pnr_5_HU-Airyscan Processing-65-Channel Alignment (Extended)-69_CH1_633nm_RSFISH_LOG.txt
Pnr,Pnr_5_HU-Airyscan Processing-65-Channel Alignment (Extended)-69,CH2_555nm,combined_file,1.8,0.01001,0.0,12102.0,2803,Z:\Sujay\RNAi screen\DNA-FISH_RNAi_screen\AP_file_2026\AP_files\OUTPUT\logs\Pnr_5_HU-Airyscan Processing-65-Channel Alignment (Extended)-69_RSFISH_LOG.txt
Pnr,Pnr_5_HU-Airyscan Processing-65-Channel Alignment (Extended)-69,CH3_488nm,combined_file,1.8,0.01573,0.0,5120.0,7599,Z:\Sujay\RNAi screen\DNA-FISH_RNAi_screen\AP_file_2026\AP_files\OUTPUT\logs\Pnr_5_HU-Airyscan Processing-65-Channel Alignment (Extended)-69_RSFISH_LOG.txt
Pnr,Pnr_6_HU-Airyscan Processing-66-Channel Alignment (Extended)-70,CH1_633nm,per_channel_file,1.8,0.002786,0.0,30499.0,1202,Z:\Sujay\RNAi screen\DNA-FISH_RNAi_screen\AP_file_2026\AP_files\OUTPUT\logs\Pnr_6_HU-Airyscan Processing-66-Channel Alignment (Extended)-70_CH1_633nm_RSFISH_LOG.txt
Pnr,Pnr_6_HU-Airyscan Processing-66-Channel Alignment (Extended)-70,CH2_555nm,combined_file,1.8,0.01001,0.0,46663.0,717,Z:\Sujay\RNAi screen\DNA-FISH_RNAi_screen\AP_file_2026\AP_files\OUTPUT\logs\Pnr_6_HU-Airyscan Processing-66-Channel Alignment (Extended)-70_RSFISH_LOG.txt
Pnr,Pnr_6_HU-Airyscan Processing-66-Channel Alignment (Extended)-70,CH3_488nm,combined_file,1.8,0.01573,0.0,6704.0,2340,Z:\Sujay\RNAi screen\DNA-FISH_RNAi_screen\AP_file_2026\AP_files\OUTPUT\logs\Pnr_6_HU-Airyscan Processing-66-Channel Alignment (Extended)-70_RSFISH_LOG.txt
Pnr,Pnr_7_HR-Airyscan Processing-67-Channel Alignment (Extended)-71,CH1_633nm,per_channel_file,1.8,0.002786,0.0,17040.0,2860,Z:\Sujay\RNAi screen\DNA-FISH_RNAi_screen\AP_file_2026\AP_files\OUTPUT\logs\Pnr_7_HR-Airyscan Processing-67-Channel Alignment (Extended)-71_CH1_633nm_RSFISH_LOG.txt
Pnr,Pnr_7_HR-Airyscan Processing-67-Channel Alignment (Extended)-71,CH2_555nm,combined_file,1.8,0.01001,0.0,19786.0,1557,Z:\Sujay\RNAi screen\DNA-FISH_RNAi_screen\AP_file_2026\AP_files\OUTPUT\logs\Pnr_7_HR-Airyscan Processing-67-Channel Alignment (Extended)-71_RSFISH_LOG.txt
Pnr,Pnr_7_HR-Airyscan Processing-67-Channel Alignment (Extended)-71,CH3_488nm,combined_file,1.8,0.01573,0.0,6408.0,1612,Z:\Sujay\RNAi screen\DNA-FISH_RNAi_screen\AP_file_2026\AP_files\OUTPUT\logs\Pnr_7_HR-Airyscan Processing-67-Channel Alignment (Extended)-71_RSFISH_LOG.txt
Pnr,Pnr_8_HU-Airyscan Processing-68-Channel Alignment (Extended)-72,CH1_633nm,per_channel_file,1.8,0.002786,0.0,11691.0,65095,Z:\Sujay\RNAi screen\DNA-FISH_RNAi_screen\AP_file_2026\AP_files\OUTPUT\logs\Pnr_8_HU-Airyscan Processing-68-Channel Alignment (Extended)-72_CH1_633nm_RSFISH_LOG.txt
Pnr,Pnr_8_HU-Airyscan Processing-68-Channel Alignment (Extended)-72,CH2_555nm,combined_file,1.8,0.01001,0.0,38233.0,1274,Z:\Sujay\RNAi screen\DNA-FISH_RNAi_screen\AP_file_2026\AP_files\OUTPUT\logs\Pnr_8_HU-Airyscan Processing-68-Channel Alignment (Extended)-72_RSFISH_LOG.txt
Pnr,Pnr_8_HU-Airyscan Processing-68-Channel Alignment (Extended)-72,CH3_488nm,combined_file,1.8,0.01573,0.0,8022.0,3713,Z:\Sujay\RNAi screen\DNA-FISH_RNAi_screen\AP_file_2026\AP_files\OUTPUT\logs\Pnr_8_HU-Airyscan Processing-68-Channel Alignment (Extended)-72_RSFISH_LOG.txt
Pnr,Pnr_9_HL-Airyscan Processing-73-Channel Alignment (Extended)-81,CH1_633nm,per_channel_file,1.8,0.002786,0.0,28151.0,1836,Z:\Sujay\RNAi screen\DNA-FISH_RNAi_screen\AP_file_2026\AP_files\OUTPUT\logs\Pnr_9_HL-Airyscan Processing-73-Channel Alignment (Extended)-81_CH1_633nm_RSFISH_LOG.txt
Pnr,Pnr_9_HL-Airyscan Processing-73-Channel Alignment (Extended)-81,CH2_555nm,combined_file,1.8,0.01001,0.0,25416.0,4862,Z:\Sujay\RNAi screen\DNA-FISH_RNAi_screen\AP_file_2026\AP_files\OUTPUT\logs\Pnr_9_HL-Airyscan Processing-73-Channel Alignment (Extended)-81_RSFISH_LOG.txt
Pnr,Pnr_9_HL-Airyscan Processing-73-Channel Alignment (Extended)-81,CH3_488nm,combined_file,1.8,0.01573,0.0,7330.0,5062,Z:\Sujay\RNAi screen\DNA-FISH_RNAi_screen\AP_file_2026\AP_files\OUTPUT\logs\Pnr_9_HL-Airyscan Processing-73-Channel Alignment (Extended)-81_RSFISH_LOG.txt
SUHW,SUHW_10_HU-Airyscan Processing-171-Channel Alignment (Extended)-181,CH1_633nm,combined_file,1.8,0.01001,0.0,17236.0,1784,Z:\Sujay\RNAi screen\DNA-FISH_RNAi_screen\AP_file_2026\AP_files\OUTPUT\logs\SUHW_10_HU-Airyscan Processing-171-Channel Alignment (Extended)-181_RSFISH_LOG.txt
SUHW,SUHW_10_HU-Airyscan Processing-171-Channel Alignment (Extended)-181,CH2_555nm,combined_file,1.8,0.01001,0.0,61242.0,2366,Z:\Sujay\RNAi screen\DNA-FISH_RNAi_screen\AP_file_2026\AP_files\OUTPUT\logs\SUHW_10_HU-Airyscan Processing-171-Channel Alignment (Extended)-181_RSFISH_LOG.txt
SUHW,SUHW_10_HU-Airyscan Processing-171-Channel Alignment (Extended)-181,CH3_488nm,combined_file,1.8,0.01573,0.0,16160.0,2410,Z:\Sujay\RNAi screen\DNA-FISH_RNAi_screen\AP_file_2026\AP_files\OUTPUT\logs\SUHW_10_HU-Airyscan Processing-171-Channel Alignment (Extended)-181_RSFISH_LOG.txt
SUHW,SUHW_11_HU-Airyscan Processing-149-Channel Alignment (Extended)-150,CH1_633nm,combined_file,1.8,0.01001,0.0,18417.0,1427,Z:\Sujay\RNAi screen\DNA-FISH_RNAi_screen\AP_file_2026\AP_files\OUTPUT\logs\SUHW_11_HU-Airyscan Processing-149-Channel Alignment (Extended)-150_RSFISH_LOG.txt
SUHW,SUHW_11_HU-Airyscan Processing-149-Channel Alignment (Extended)-150,CH2_555nm,combined_file,1.8,0.01001,0.0,16852.0,9562,Z:\Sujay\RNAi screen\DNA-FISH_RNAi_screen\AP_file_2026\AP_files\OUTPUT\logs\SUHW_11_HU-Airyscan Processing-149-Channel Alignment (Extended)-150_RSFISH_LOG.txt
SUHW,SUHW_11_HU-Airyscan Processing-149-Channel Alignment (Extended)-150,CH3_488nm,combined_file,1.8,0.01573,0.0,16480.0,2645,Z:\Sujay\RNAi screen\DNA-FISH_RNAi_screen\AP_file_2026\AP_files\OUTPUT\logs\SUHW_11_HU-Airyscan Processing-149-Channel Alignment (Extended)-150_RSFISH_LOG.txt
SUHW,SUHW_12_HR-Airyscan Processing-148-Channel Alignment (Extended)-151,CH1_633nm,combined_file,1.8,0.01001,0.0,14577.0,1788,Z:\Sujay\RNAi screen\DNA-FISH_RNAi_screen\AP_file_2026\AP_files\OUTPUT\logs\SUHW_12_HR-Airyscan Processing-148-Channel Alignment (Extended)-151_RSFISH_LOG.txt
SUHW,SUHW_12_HR-Airyscan Processing-148-Channel Alignment (Extended)-151,CH2_555nm,combined_file,1.8,0.01001,0.0,65524.0,1845,Z:\Sujay\RNAi screen\DNA-FISH_RNAi_screen\AP_file_2026\AP_files\OUTPUT\logs\SUHW_12_HR-Airyscan Processing-148-Channel Alignment (Extended)-151_RSFISH_LOG.txt
SUHW,SUHW_12_HR-Airyscan Processing-148-Channel Alignment (Extended)-151,CH3_488nm,combined_file,1.8,0.01573,0.0,18336.0,1892,Z:\Sujay\RNAi screen\DNA-FISH_RNAi_screen\AP_file_2026\AP_files\OUTPUT\logs\SUHW_12_HR-Airyscan Processing-148-Channel Alignment (Extended)-151_RSFISH_LOG.txt
SUHW,SUHW_13_HB-Airyscan Processing-146-Channel Alignment (Extended)-152,CH1_633nm,per_channel_file,1.8,0.002786,0.0,17734.0,12957,Z:\Sujay\RNAi screen\DNA-FISH_RNAi_screen\AP_file_2026\AP_files\OUTPUT\logs\SUHW_13_HB-Airyscan Processing-146-Channel Alignment (Extended)-152_CH1_633nm_RSFISH_LOG.txt
SUHW,SUHW_13_HB-Airyscan Processing-146-Channel Alignment (Extended)-152,CH2_555nm,combined_file,1.8,0.01001,0.0,15323.0,5508,Z:\Sujay\RNAi screen\DNA-FISH_RNAi_screen\AP_file_2026\AP_files\OUTPUT\logs\SUHW_13_HB-Airyscan Processing-146-Channel Alignment (Extended)-152_RSFISH_LOG.txt
SUHW,SUHW_13_HB-Airyscan Processing-146-Channel Alignment (Extended)-152,CH3_488nm,combined_file,1.8,0.01573,0.0,9027.0,1849,Z:\Sujay\RNAi screen\DNA-FISH_RNAi_screen\AP_file_2026\AP_files\OUTPUT\logs\SUHW_13_HB-Airyscan Processing-146-Channel Alignment (Extended)-152_RSFISH_LOG.txt
SUHW,SUHW_14_HB-Airyscan Processing-145-Channel Alignment (Extended)-153,CH1_633nm,per_channel_file,1.8,0.002786,0.0,21474.0,8107,Z:\Sujay\RNAi screen\DNA-FISH_RNAi_screen\AP_file_2026\AP_files\OUTPUT\logs\SUHW_14_HB-Airyscan Processing-145-Channel Alignment (Extended)-153_CH1_633nm_RSFISH_LOG.txt
SUHW,SUHW_14_HB-Airyscan Processing-145-Channel Alignment (Extended)-153,CH2_555nm,combined_file,1.8,0.01001,0.0,36418.0,1353,Z:\Sujay\RNAi screen\DNA-FISH_RNAi_screen\AP_file_2026\AP_files\OUTPUT\logs\SUHW_14_HB-Airyscan Processing-145-Channel Alignment (Extended)-153_RSFISH_LOG.txt
SUHW,SUHW_14_HB-Airyscan Processing-145-Channel Alignment (Extended)-153,CH3_488nm,combined_file,1.8,0.01573,0.0,8289.0,32467,Z:\Sujay\RNAi screen\DNA-FISH_RNAi_screen\AP_file_2026\AP_files\OUTPUT\logs\SUHW_14_HB-Airyscan Processing-145-Channel Alignment (Extended)-153_RSFISH_LOG.txt
SUHW,SUHW_15_HB-Airyscan Processing-144-Channel Alignment (Extended)-154,CH1_633nm,combined_file,1.8,0.01001,0.0,11947.0,1191,Z:\Sujay\RNAi screen\DNA-FISH_RNAi_screen\AP_file_2026\AP_files\OUTPUT\logs\SUHW_15_HB-Airyscan Processing-144-Channel Alignment (Extended)-154_RSFISH_LOG.txt
SUHW,SUHW_15_HB-Airyscan Processing-144-Channel Alignment (Extended)-154,CH2_555nm,combined_file,1.8,0.01001,0.0,13180.0,14163,Z:\Sujay\RNAi screen\DNA-FISH_RNAi_screen\AP_file_2026\AP_files\OUTPUT\logs\SUHW_15_HB-Airyscan Processing-144-Channel Alignment (Extended)-154_RSFISH_LOG.txt
SUHW,SUHW_15_HB-Airyscan Processing-144-Channel Alignment (Extended)-154,CH3_488nm,combined_file,1.8,0.01573,0.0,8047.0,10194,Z:\Sujay\RNAi screen\DNA-FISH_RNAi_screen\AP_file_2026\AP_files\OUTPUT\logs\SUHW_15_HB-Airyscan Processing-144-Channel Alignment (Extended)-154_RSFISH_LOG.txt
SUHW,SUHW_16_HB-Airyscan Processing-143-Channel Alignment (Extended)-155,CH1_633nm,per_channel_file,1.8,0.002786,0.0,25236.0,2416,Z:\Sujay\RNAi screen\DNA-FISH_RNAi_screen\AP_file_2026\AP_files\OUTPUT\logs\SUHW_16_HB-Airyscan Processing-143-Channel Alignment (Extended)-155_CH1_633nm_RSFISH_LOG.txt
SUHW,SUHW_16_HB-Airyscan Processing-143-Channel Alignment (Extended)-155,CH2_555nm,combined_file,1.8,0.01001,0.0,48707.0,881,Z:\Sujay\RNAi screen\DNA-FISH_RNAi_screen\AP_file_2026\AP_files\OUTPUT\logs\SUHW_16_HB-Airyscan Processing-143-Channel Alignment (Extended)-155_RSFISH_LOG.txt
SUHW,SUHW_16_HB-Airyscan Processing-143-Channel Alignment (Extended)-155,CH3_488nm,combined_file,1.8,0.01573,0.0,8685.0,2001,Z:\Sujay\RNAi screen\DNA-FISH_RNAi_screen\AP_file_2026\AP_files\OUTPUT\logs\SUHW_16_HB-Airyscan Processing-143-Channel Alignment (Extended)-155_RSFISH_LOG.txt
SUHW,SUHW_1_HL-Airyscan Processing-157-Channel Alignment (Extended)-174,CH1_633nm,combined_file,1.8,0.01001,0.0,14632.0,539,Z:\Sujay\RNAi screen\DNA-FISH_RNAi_screen\AP_file_2026\AP_files\OUTPUT\logs\SUHW_1_HL-Airyscan Processing-157-Channel Alignment (Extended)-174_RSFISH_LOG.txt
SUHW,SUHW_1_HL-Airyscan Processing-157-Channel Alignment (Extended)-174,CH2_555nm,combined_file,1.8,0.01001,0.0,44363.0,1111,Z:\Sujay\RNAi screen\DNA-FISH_RNAi_screen\AP_file_2026\AP_files\OUTPUT\logs\SUHW_1_HL-Airyscan Processing-157-Channel Alignment (Extended)-174_RSFISH_LOG.txt
SUHW,SUHW_1_HL-Airyscan Processing-157-Channel Alignment (Extended)-174,CH3_488nm,combined_file,1.8,0.01573,0.0,8040.0,2063,Z:\Sujay\RNAi screen\DNA-FISH_RNAi_screen\AP_file_2026\AP_files\OUTPUT\logs\SUHW_1_HL-Airyscan Processing-157-Channel Alignment (Extended)-174_RSFISH_LOG.txt
SUHW,SUHW_2_HU-Airyscan Processing-159-Channel Alignment (Extended)-175,CH1_633nm,per_channel_file,1.8,0.002786,0.0,18787.0,4866,Z:\Sujay\RNAi screen\DNA-FISH_RNAi_screen\AP_file_2026\AP_files\OUTPUT\logs\SUHW_2_HU-Airyscan Processing-159-Channel Alignment (Extended)-175_CH1_633nm_RSFISH_LOG.txt
SUHW,SUHW_2_HU-Airyscan Processing-159-Channel Alignment (Extended)-175,CH2_555nm,combined_file,1.8,0.01001,0.0,30097.0,2536,Z:\Sujay\RNAi screen\DNA-FISH_RNAi_screen\AP_file_2026\AP_files\OUTPUT\logs\SUHW_2_HU-Airyscan Processing-159-Channel Alignment (Extended)-175_RSFISH_LOG.txt
SUHW,SUHW_2_HU-Airyscan Processing-159-Channel Alignment (Extended)-175,CH3_488nm,combined_file,1.8,0.01573,0.0,7196.0,2029,Z:\Sujay\RNAi screen\DNA-FISH_RNAi_screen\AP_file_2026\AP_files\OUTPUT\logs\SUHW_2_HU-Airyscan Processing-159-Channel Alignment (Extended)-175_RSFISH_LOG.txt
SUHW,SUHW_3_HB-Airyscan Processing-160-Channel Alignment (Extended)-176,CH1_633nm,combined_file,1.8,0.01001,0.0,4477.0,9912,Z:\Sujay\RNAi screen\DNA-FISH_RNAi_screen\AP_file_2026\AP_files\OUTPUT\logs\SUHW_3_HB-Airyscan Processing-160-Channel Alignment (Extended)-176_RSFISH_LOG.txt
SUHW,SUHW_3_HB-Airyscan Processing-160-Channel Alignment (Extended)-176,CH2_555nm,combined_file,1.8,0.01001,0.0,30985.0,2728,Z:\Sujay\RNAi screen\DNA-FISH_RNAi_screen\AP_file_2026\AP_files\OUTPUT\logs\SUHW_3_HB-Airyscan Processing-160-Channel Alignment (Extended)-176_RSFISH_LOG.txt
SUHW,SUHW_3_HB-Airyscan Processing-160-Channel Alignment (Extended)-176,CH3_488nm,combined_file,1.8,0.01573,0.0,6412.0,2666,Z:\Sujay\RNAi screen\DNA-FISH_RNAi_screen\AP_file_2026\AP_files\OUTPUT\logs\SUHW_3_HB-Airyscan Processing-160-Channel Alignment (Extended)-176_RSFISH_LOG.txt
SUHW,SUHW_4_HR-Airyscan Processing-173-Channel Alignment (Extended)-182,CH1_633nm,combined_file,1.8,0.01001,0.0,4402.0,4603,Z:\Sujay\RNAi screen\DNA-FISH_RNAi_screen\AP_file_2026\AP_files\OUTPUT\logs\SUHW_4_HR-Airyscan Processing-173-Channel Alignment (Extended)-182_RSFISH_LOG.txt
SUHW,SUHW_4_HR-Airyscan Processing-173-Channel Alignment (Extended)-182,CH2_555nm,combined_file,1.8,0.01001,0.0,28600.0,3679,Z:\Sujay\RNAi screen\DNA-FISH_RNAi_screen\AP_file_2026\AP_files\OUTPUT\logs\SUHW_4_HR-Airyscan Processing-173-Channel Alignment (Extended)-182_RSFISH_LOG.txt
SUHW,SUHW_4_HR-Airyscan Processing-173-Channel Alignment (Extended)-182,CH3_488nm,combined_file,1.8,0.01573,0.0,6630.0,3405,Z:\Sujay\RNAi screen\DNA-FISH_RNAi_screen\AP_file_2026\AP_files\OUTPUT\logs\SUHW_4_HR-Airyscan Processing-173-Channel Alignment (Extended)-182_RSFISH_LOG.txt
SUHW,SUHW_5_HR-Airyscan Processing-161-Channel Alignment (Extended)-177,CH1_633nm,per_channel_file,1.8,0.002786,0.0,20294.0,2930,Z:\Sujay\RNAi screen\DNA-FISH_RNAi_screen\AP_file_2026\AP_files\OUTPUT\logs\SUHW_5_HR-Airyscan Processing-161-Channel Alignment (Extended)-177_CH1_633nm_RSFISH_LOG.txt
SUHW,SUHW_5_HR-Airyscan Processing-161-Channel Alignment (Extended)-177,CH2_555nm,combined_file,1.8,0.01001,0.0,18339.0,4567,Z:\Sujay\RNAi screen\DNA-FISH_RNAi_screen\AP_file_2026\AP_files\OUTPUT\logs\SUHW_5_HR-Airyscan Processing-161-Channel Alignment (Extended)-177_RSFISH_LOG.txt
SUHW,SUHW_5_HR-Airyscan Processing-161-Channel Alignment (Extended)-177,CH3_488nm,combined_file,1.8,0.01573,0.0,7648.0,2625,Z:\Sujay\RNAi screen\DNA-FISH_RNAi_screen\AP_file_2026\AP_files\OUTPUT\logs\SUHW_5_HR-Airyscan Processing-161-Channel Alignment (Extended)-177_RSFISH_LOG.txt
SUHW,SUHW_6_HB-Airyscan Processing-164-Channel Alignment (Extended)-178,CH1_633nm,combined_file,1.8,0.01001,0.0,9582.0,1915,Z:\Sujay\RNAi screen\DNA-FISH_RNAi_screen\AP_file_2026\AP_files\OUTPUT\logs\SUHW_6_HB-Airyscan Processing-164-Channel Alignment (Extended)-178_RSFISH_LOG.txt
SUHW,SUHW_6_HB-Airyscan Processing-164-Channel Alignment (Extended)-178,CH2_555nm,combined_file,1.8,0.01001,0.0,23560.0,4725,Z:\Sujay\RNAi screen\DNA-FISH_RNAi_screen\AP_file_2026\AP_files\OUTPUT\logs\SUHW_6_HB-Airyscan Processing-164-Channel Alignment (Extended)-178_RSFISH_LOG.txt
SUHW,SUHW_6_HB-Airyscan Processing-164-Channel Alignment (Extended)-178,CH3_488nm,combined_file,1.8,0.01573,0.0,7622.0,4509,Z:\Sujay\RNAi screen\DNA-FISH_RNAi_screen\AP_file_2026\AP_files\OUTPUT\logs\SUHW_6_HB-Airyscan Processing-164-Channel Alignment (Extended)-178_RSFISH_LOG.txt
SUHW,SUHW_7_HB-Airyscan Processing-166-Channel Alignment (Extended)-179,CH1_633nm,combined_file,1.8,0.01001,0.0,9913.0,2194,Z:\Sujay\RNAi screen\DNA-FISH_RNAi_screen\AP_file_2026\AP_files\OUTPUT\logs\SUHW_7_HB-Airyscan Processing-166-Channel Alignment (Extended)-179_RSFISH_LOG.txt
SUHW,SUHW_7_HB-Airyscan Processing-166-Channel Alignment (Extended)-179,CH2_555nm,combined_file,1.8,0.01001,0.0,22446.0,5905,Z:\Sujay\RNAi screen\DNA-FISH_RNAi_screen\AP_file_2026\AP_files\OUTPUT\logs\SUHW_7_HB-Airyscan Processing-166-Channel Alignment (Extended)-179_RSFISH_LOG.txt
SUHW,SUHW_7_HB-Airyscan Processing-166-Channel Alignment (Extended)-179,CH3_488nm,combined_file,1.8,0.01573,0.0,7883.0,3592,Z:\Sujay\RNAi screen\DNA-FISH_RNAi_screen\AP_file_2026\AP_files\OUTPUT\logs\SUHW_7_HB-Airyscan Processing-166-Channel Alignment (Extended)-179_RSFISH_LOG.txt
SUHW,SUHW_8_HB-Airyscan Processing-168-Channel Alignment (Extended)-180,CH1_633nm,per_channel_file,1.8,0.002786,0.0,16053.0,2539,Z:\Sujay\RNAi screen\DNA-FISH_RNAi_screen\AP_file_2026\AP_files\OUTPUT\logs\SUHW_8_HB-Airyscan Processing-168-Channel Alignment (Extended)-180_CH1_633nm_RSFISH_LOG.txt
SUHW,SUHW_8_HB-Airyscan Processing-168-Channel Alignment (Extended)-180,CH2_555nm,combined_file,1.8,0.01001,0.0,27925.0,2182,Z:\Sujay\RNAi screen\DNA-FISH_RNAi_screen\AP_file_2026\AP_files\OUTPUT\logs\SUHW_8_HB-Airyscan Processing-168-Channel Alignment (Extended)-180_RSFISH_LOG.txt
SUHW,SUHW_8_HB-Airyscan Processing-168-Channel Alignment (Extended)-180,CH3_488nm,combined_file,1.8,0.01573,0.0,7285.0,1492,Z:\Sujay\RNAi screen\DNA-FISH_RNAi_screen\AP_file_2026\AP_files\OUTPUT\logs\SUHW_8_HB-Airyscan Processing-168-Channel Alignment (Extended)-180_RSFISH_LOG.txt
Ttk,Ttk_10_HR-Airyscan Processing-10-Channel Alignment (Extended)-103,CH1_633nm,per_channel_file,1.8,0.002786,0.0,13289.0,2662,Z:\Sujay\RNAi screen\DNA-FISH_RNAi_screen\AP_file_2026\AP_files\OUTPUT\logs\Ttk_10_HR-Airyscan Processing-10-Channel Alignment (Extended)-103_CH1_633nm_RSFISH_LOG.txt
Ttk,Ttk_10_HR-Airyscan Processing-10-Channel Alignment (Extended)-103,CH2_555nm,per_channel_file,1.8,0.007551,0.0,45296.0,544,Z:\Sujay\RNAi screen\DNA-FISH_RNAi_screen\AP_file_2026\AP_files\OUTPUT\logs\Ttk_10_HR-Airyscan Processing-10-Channel Alignment (Extended)-103_CH2_555nm_RSFISH_LOG.txt
Ttk,Ttk_10_HR-Airyscan Processing-10-Channel Alignment (Extended)-103,CH3_488nm,combined_file,1.8,0.01573,0.0,5981.0,739,Z:\Sujay\RNAi screen\DNA-FISH_RNAi_screen\AP_file_2026\AP_files\OUTPUT\logs\Ttk_10_HR-Airyscan Processing-10-Channel Alignment (Extended)-103_RSFISH_LOG.txt
Ttk,Ttk_11_HU-Airyscan Processing-11-Channel Alignment (Extended)-104,CH1_633nm,combined_file,1.8,0.01001,0.0,7168.0,947,Z:\Sujay\RNAi screen\DNA-FISH_RNAi_screen\AP_file_2026\AP_files\OUTPUT\logs\Ttk_11_HU-Airyscan Processing-11-Channel Alignment (Extended)-104_RSFISH_LOG.txt
Ttk,Ttk_11_HU-Airyscan Processing-11-Channel Alignment (Extended)-104,CH2_555nm,combined_file,1.8,0.01001,0.0,9508.0,4095,Z:\Sujay\RNAi screen\DNA-FISH_RNAi_screen\AP_file_2026\AP_files\OUTPUT\logs\Ttk_11_HU-Airyscan Processing-11-Channel Alignment (Extended)-104_RSFISH_LOG.txt
Ttk,Ttk_11_HU-Airyscan Processing-11-Channel Alignment (Extended)-104,CH3_488nm,combined_file,1.8,0.01573,0.0,7204.0,803,Z:\Sujay\RNAi screen\DNA-FISH_RNAi_screen\AP_file_2026\AP_files\OUTPUT\logs\Ttk_11_HU-Airyscan Processing-11-Channel Alignment (Extended)-104_RSFISH_LOG.txt
Ttk,Ttk_12_HU-Airyscan Processing-12-Channel Alignment (Extended)-105,CH1_633nm,combined_file,1.8,0.01001,0.0,3995.0,4802,Z:\Sujay\RNAi screen\DNA-FISH_RNAi_screen\AP_file_2026\AP_files\OUTPUT\logs\Ttk_12_HU-Airyscan Processing-12-Channel Alignment (Extended)-105_RSFISH_LOG.txt
Ttk,Ttk_12_HU-Airyscan Processing-12-Channel Alignment (Extended)-105,CH2_555nm,combined_file,1.8,0.01001,0.0,10825.0,4785,Z:\Sujay\RNAi screen\DNA-FISH_RNAi_screen\AP_file_2026\AP_files\OUTPUT\logs\Ttk_12_HU-Airyscan Processing-12-Channel Alignment (Extended)-105_RSFISH_LOG.txt
Ttk,Ttk_12_HU-Airyscan Processing-12-Channel Alignment (Extended)-105,CH3_488nm,combined_file,1.8,0.01573,0.0,6298.0,1618,Z:\Sujay\RNAi screen\DNA-FISH_RNAi_screen\AP_file_2026\AP_files\OUTPUT\logs\Ttk_12_HU-Airyscan Processing-12-Channel Alignment (Extended)-105_RSFISH_LOG.txt
Ttk,Ttk_13_HU-Airyscan Processing-13-Channel Alignment (Extended)-106,CH1_633nm,per_channel_file,1.8,0.002786,0.0,17067.0,2943,Z:\Sujay\RNAi screen\DNA-FISH_RNAi_screen\AP_file_2026\AP_files\OUTPUT\logs\Ttk_13_HU-Airyscan Processing-13-Channel Alignment (Extended)-106_CH1_633nm_RSFISH_LOG.txt
Ttk,Ttk_13_HU-Airyscan Processing-13-Channel Alignment (Extended)-106,CH2_555nm,combined_file,1.8,0.01001,0.0,35332.0,819,Z:\Sujay\RNAi screen\DNA-FISH_RNAi_screen\AP_file_2026\AP_files\OUTPUT\logs\Ttk_13_HU-Airyscan Processing-13-Channel Alignment (Extended)-106_RSFISH_LOG.txt
Ttk,Ttk_13_HU-Airyscan Processing-13-Channel Alignment (Extended)-106,CH3_488nm,combined_file,1.8,0.01573,0.0,6844.0,1552,Z:\Sujay\RNAi screen\DNA-FISH_RNAi_screen\AP_file_2026\AP_files\OUTPUT\logs\Ttk_13_HU-Airyscan Processing-13-Channel Alignment (Extended)-106_RSFISH_LOG.txt
Ttk,Ttk_14_HB-Airyscan Processing-14-Channel Alignment (Extended)-107,CH1_633nm,combined_file,1.8,0.01001,0.0,5652.0,3225,Z:\Sujay\RNAi screen\DNA-FISH_RNAi_screen\AP_file_2026\AP_files\OUTPUT\logs\Ttk_14_HB-Airyscan Processing-14-Channel Alignment (Extended)-107_RSFISH_LOG.txt
Ttk,Ttk_14_HB-Airyscan Processing-14-Channel Alignment (Extended)-107,CH2_555nm,combined_file,1.8,0.01001,0.0,16502.0,2395,Z:\Sujay\RNAi screen\DNA-FISH_RNAi_screen\AP_file_2026\AP_files\OUTPUT\logs\Ttk_14_HB-Airyscan Processing-14-Channel Alignment (Extended)-107_RSFISH_LOG.txt
Ttk,Ttk_14_HB-Airyscan Processing-14-Channel Alignment (Extended)-107,CH3_488nm,combined_file,1.8,0.01573,0.0,6364.0,1492,Z:\Sujay\RNAi screen\DNA-FISH_RNAi_screen\AP_file_2026\AP_files\OUTPUT\logs\Ttk_14_HB-Airyscan Processing-14-Channel Alignment (Extended)-107_RSFISH_LOG.txt
Ttk,Ttk_15_HR-Airyscan Processing-15-Channel Alignment (Extended)-108,CH1_633nm,per_channel_file,1.8,0.002786,0.0,41404.0,241,Z:\Sujay\RNAi screen\DNA-FISH_RNAi_screen\AP_file_2026\AP_files\OUTPUT\logs\Ttk_15_HR-Airyscan Processing-15-Channel Alignment (Extended)-108_CH1_633nm_RSFISH_LOG.txt
Ttk,Ttk_15_HR-Airyscan Processing-15-Channel Alignment (Extended)-108,CH2_555nm,combined_file,1.8,0.01001,0.0,31853.0,719,Z:\Sujay\RNAi screen\DNA-FISH_RNAi_screen\AP_file_2026\AP_files\OUTPUT\logs\Ttk_15_HR-Airyscan Processing-15-Channel Alignment (Extended)-108_RSFISH_LOG.txt
Ttk,Ttk_15_HR-Airyscan Processing-15-Channel Alignment (Extended)-108,CH3_488nm,combined_file,1.8,0.01573,0.0,5559.0,1267,Z:\Sujay\RNAi screen\DNA-FISH_RNAi_screen\AP_file_2026\AP_files\OUTPUT\logs\Ttk_15_HR-Airyscan Processing-15-Channel Alignment (Extended)-108_RSFISH_LOG.txt
Ttk,Ttk_1_HL-Airyscan Processing-01-Channel Alignment (Extended)-94,CH1_633nm,combined_file,1.8,0.01001,0.0,8707.0,583,Z:\Sujay\RNAi screen\DNA-FISH_RNAi_screen\AP_file_2026\AP_files\OUTPUT\logs\Ttk_1_HL-Airyscan Processing-01-Channel Alignment (Extended)-94_RSFISH_LOG.txt
Ttk,Ttk_1_HL-Airyscan Processing-01-Channel Alignment (Extended)-94,CH2_555nm,combined_file,1.8,0.01001,0.0,23339.0,1448,Z:\Sujay\RNAi screen\DNA-FISH_RNAi_screen\AP_file_2026\AP_files\OUTPUT\logs\Ttk_1_HL-Airyscan Processing-01-Channel Alignment (Extended)-94_RSFISH_LOG.txt
Ttk,Ttk_1_HL-Airyscan Processing-01-Channel Alignment (Extended)-94,CH3_488nm,combined_file,1.8,0.01573,0.0,4931.0,904,Z:\Sujay\RNAi screen\DNA-FISH_RNAi_screen\AP_file_2026\AP_files\OUTPUT\logs\Ttk_1_HL-Airyscan Processing-01-Channel Alignment (Extended)-94_RSFISH_LOG.txt
Ttk,Ttk_2_HB-Airyscan Processing-02-Channel Alignment (Extended)-95,CH1_633nm,combined_file,1.8,0.01001,0.0,8920.0,761,Z:\Sujay\RNAi screen\DNA-FISH_RNAi_screen\AP_file_2026\AP_files\OUTPUT\logs\Ttk_2_HB-Airyscan Processing-02-Channel Alignment (Extended)-95_RSFISH_LOG.txt
Ttk,Ttk_2_HB-Airyscan Processing-02-Channel Alignment (Extended)-95,CH2_555nm,combined_file,1.8,0.01001,0.0,20537.0,2827,Z:\Sujay\RNAi screen\DNA-FISH_RNAi_screen\AP_file_2026\AP_files\OUTPUT\logs\Ttk_2_HB-Airyscan Processing-02-Channel Alignment (Extended)-95_RSFISH_LOG.txt
Ttk,Ttk_2_HB-Airyscan Processing-02-Channel Alignment (Extended)-95,CH3_488nm,combined_file,1.8,0.01573,0.0,6457.0,2119,Z:\Sujay\RNAi screen\DNA-FISH_RNAi_screen\AP_file_2026\AP_files\OUTPUT\logs\Ttk_2_HB-Airyscan Processing-02-Channel Alignment (Extended)-95_RSFISH_LOG.txt
Ttk,Ttk_3_HB-Airyscan Processing-03-Channel Alignment (Extended)-96,CH1_633nm,combined_file,1.8,0.01001,0.0,5383.0,1928,Z:\Sujay\RNAi screen\DNA-FISH_RNAi_screen\AP_file_2026\AP_files\OUTPUT\logs\Ttk_3_HB-Airyscan Processing-03-Channel Alignment (Extended)-96_RSFISH_LOG.txt
Ttk,Ttk_3_HB-Airyscan Processing-03-Channel Alignment (Extended)-96,CH2_555nm,combined_file,1.8,0.01001,0.0,11407.0,3699,Z:\Sujay\RNAi screen\DNA-FISH_RNAi_screen\AP_file_2026\AP_files\OUTPUT\logs\Ttk_3_HB-Airyscan Processing-03-Channel Alignment (Extended)-96_RSFISH_LOG.txt
Ttk,Ttk_3_HB-Airyscan Processing-03-Channel Alignment (Extended)-96,CH3_488nm,combined_file,1.8,0.01573,0.0,4845.0,1714,Z:\Sujay\RNAi screen\DNA-FISH_RNAi_screen\AP_file_2026\AP_files\OUTPUT\logs\Ttk_3_HB-Airyscan Processing-03-Channel Alignment (Extended)-96_RSFISH_LOG.txt
Ttk,Ttk_4_HL-Airyscan Processing-04-Channel Alignment (Extended)-97,CH1_633nm,combined_file,1.8,0.01001,0.0,4238.0,4040,Z:\Sujay\RNAi screen\DNA-FISH_RNAi_screen\AP_file_2026\AP_files\OUTPUT\logs\Ttk_4_HL-Airyscan Processing-04-Channel Alignment (Extended)-97_RSFISH_LOG.txt
Ttk,Ttk_4_HL-Airyscan Processing-04-Channel Alignment (Extended)-97,CH2_555nm,combined_file,1.8,0.01001,0.0,10713.0,5470,Z:\Sujay\RNAi screen\DNA-FISH_RNAi_screen\AP_file_2026\AP_files\OUTPUT\logs\Ttk_4_HL-Airyscan Processing-04-Channel Alignment (Extended)-97_RSFISH_LOG.txt
Ttk,Ttk_4_HL-Airyscan Processing-04-Channel Alignment (Extended)-97,CH3_488nm,combined_file,1.8,0.01573,0.0,5628.0,2435,Z:\Sujay\RNAi screen\DNA-FISH_RNAi_screen\AP_file_2026\AP_files\OUTPUT\logs\Ttk_4_HL-Airyscan Processing-04-Channel Alignment (Extended)-97_RSFISH_LOG.txt
Ttk,Ttk_5_HB-Airyscan Processing-05-Channel Alignment (Extended)-98,CH1_633nm,combined_file,1.8,0.01001,0.0,3889.0,2454,Z:\Sujay\RNAi screen\DNA-FISH_RNAi_screen\AP_file_2026\AP_files\OUTPUT\logs\Ttk_5_HB-Airyscan Processing-05-Channel Alignment (Extended)-98_RSFISH_LOG.txt
Ttk,Ttk_5_HB-Airyscan Processing-05-Channel Alignment (Extended)-98,CH2_555nm,combined_file,1.8,0.01001,0.0,14236.0,1727,Z:\Sujay\RNAi screen\DNA-FISH_RNAi_screen\AP_file_2026\AP_files\OUTPUT\logs\Ttk_5_HB-Airyscan Processing-05-Channel Alignment (Extended)-98_RSFISH_LOG.txt
Ttk,Ttk_5_HB-Airyscan Processing-05-Channel Alignment (Extended)-98,CH3_488nm,combined_file,1.8,0.01573,0.0,5782.0,761,Z:\Sujay\RNAi screen\DNA-FISH_RNAi_screen\AP_file_2026\AP_files\OUTPUT\logs\Ttk_5_HB-Airyscan Processing-05-Channel Alignment (Extended)-98_RSFISH_LOG.txt
Ttk,Ttk_6_HL-Airyscan Processing-06-Channel Alignment (Extended)-99,CH1_633nm,per_channel_file,1.8,0.002786,0.0,15119.0,2944,Z:\Sujay\RNAi screen\DNA-FISH_RNAi_screen\AP_file_2026\AP_files\OUTPUT\logs\Ttk_6_HL-Airyscan Processing-06-Channel Alignment (Extended)-99_CH1_633nm_RSFISH_LOG.txt
Ttk,Ttk_6_HL-Airyscan Processing-06-Channel Alignment (Extended)-99,CH2_555nm,per_channel_file,1.8,0.007551,0.0,53676.0,332,Z:\Sujay\RNAi screen\DNA-FISH_RNAi_screen\AP_file_2026\AP_files\OUTPUT\logs\Ttk_6_HL-Airyscan Processing-06-Channel Alignment (Extended)-99_CH2_555nm_RSFISH_LOG.txt
Ttk,Ttk_6_HL-Airyscan Processing-06-Channel Alignment (Extended)-99,CH3_488nm,combined_file,1.8,0.01573,0.0,6485.0,1049,Z:\Sujay\RNAi screen\DNA-FISH_RNAi_screen\AP_file_2026\AP_files\OUTPUT\logs\Ttk_6_HL-Airyscan Processing-06-Channel Alignment (Extended)-99_RSFISH_LOG.txt
Ttk,Ttk_7_HU-Airyscan Processing-07-Channel Alignment (Extended)-100,CH1_633nm,combined_file,1.8,0.01001,0.0,5101.0,2176,Z:\Sujay\RNAi screen\DNA-FISH_RNAi_screen\AP_file_2026\AP_files\OUTPUT\logs\Ttk_7_HU-Airyscan Processing-07-Channel Alignment (Extended)-100_RSFISH_LOG.txt
Ttk,Ttk_7_HU-Airyscan Processing-07-Channel Alignment (Extended)-100,CH2_555nm,per_channel_file,1.8,0.007551,0.0,39493.0,1146,Z:\Sujay\RNAi screen\DNA-FISH_RNAi_screen\AP_file_2026\AP_files\OUTPUT\logs\Ttk_7_HU-Airyscan Processing-07-Channel Alignment (Extended)-100_CH2_555nm_RSFISH_LOG.txt
Ttk,Ttk_7_HU-Airyscan Processing-07-Channel Alignment (Extended)-100,CH3_488nm,combined_file,1.8,0.01573,0.0,5806.0,1376,Z:\Sujay\RNAi screen\DNA-FISH_RNAi_screen\AP_file_2026\AP_files\OUTPUT\logs\Ttk_7_HU-Airyscan Processing-07-Channel Alignment (Extended)-100_RSFISH_LOG.txt
Ttk,Ttk_8_HB-Airyscan Processing-08-Channel Alignment (Extended)-101,CH1_633nm,per_channel_file,1.8,0.002786,0.0,21701.0,2482,Z:\Sujay\RNAi screen\DNA-FISH_RNAi_screen\AP_file_2026\AP_files\OUTPUT\logs\Ttk_8_HB-Airyscan Processing-08-Channel Alignment (Extended)-101_CH1_633nm_RSFISH_LOG.txt
Ttk,Ttk_8_HB-Airyscan Processing-08-Channel Alignment (Extended)-101,CH2_555nm,combined_file,1.8,0.01001,0.0,26865.0,2006,Z:\Sujay\RNAi screen\DNA-FISH_RNAi_screen\AP_file_2026\AP_files\OUTPUT\logs\Ttk_8_HB-Airyscan Processing-08-Channel Alignment (Extended)-101_RSFISH_LOG.txt
Ttk,Ttk_8_HB-Airyscan Processing-08-Channel Alignment (Extended)-101,CH3_488nm,combined_file,1.8,0.01573,0.0,7181.0,1504,Z:\Sujay\RNAi screen\DNA-FISH_RNAi_screen\AP_file_2026\AP_files\OUTPUT\logs\Ttk_8_HB-Airyscan Processing-08-Channel Alignment (Extended)-101_RSFISH_LOG.txt
Ttk,Ttk_9_HR-Airyscan Processing-09-Channel Alignment (Extended)-102,CH1_633nm,combined_file,1.8,0.01001,0.0,4023.0,3995,Z:\Sujay\RNAi screen\DNA-FISH_RNAi_screen\AP_file_2026\AP_files\OUTPUT\logs\Ttk_9_HR-Airyscan Processing-09-Channel Alignment (Extended)-102_RSFISH_LOG.txt
Ttk,Ttk_9_HR-Airyscan Processing-09-Channel Alignment (Extended)-102,CH2_555nm,combined_file,1.8,0.01001,0.0,12620.0,3676,Z:\Sujay\RNAi screen\DNA-FISH_RNAi_screen\AP_file_2026\AP_files\OUTPUT\logs\Ttk_9_HR-Airyscan Processing-09-Channel Alignment (Extended)-102_RSFISH_LOG.txt
Ttk,Ttk_9_HR-Airyscan Processing-09-Channel Alignment (Extended)-102,CH3_488nm,combined_file,1.8,0.01573,0.0,6334.0,1357,Z:\Sujay\RNAi screen\DNA-FISH_RNAi_screen\AP_file_2026\AP_files\OUTPUT\logs\Ttk_9_HR-Airyscan Processing-09-Channel Alignment (Extended)-102_RSFISH_LOG.txt
UBX,UBX_10_HB-Airyscan Processing-17-Channel Alignment (Extended)-22,CH1_633nm,per_channel_file,1.8,0.002786,0.0,24523.0,775,Z:\Sujay\RNAi screen\DNA-FISH_RNAi_screen\AP_file_2026\AP_files\OUTPUT\logs\UBX_10_HB-Airyscan Processing-17-Channel Alignment (Extended)-22_CH1_633nm_RSFISH_LOG.txt
UBX,UBX_10_HB-Airyscan Processing-17-Channel Alignment (Extended)-22,CH2_555nm,combined_file,1.8,0.01001,0.0,19927.0,1458,Z:\Sujay\RNAi screen\DNA-FISH_RNAi_screen\AP_file_2026\AP_files\OUTPUT\logs\UBX_10_HB-Airyscan Processing-17-Channel Alignment (Extended)-22_RSFISH_LOG.txt
UBX,UBX_10_HB-Airyscan Processing-17-Channel Alignment (Extended)-22,CH3_488nm,combined_file,1.8,0.01573,0.0,8004.0,727,Z:\Sujay\RNAi screen\DNA-FISH_RNAi_screen\AP_file_2026\AP_files\OUTPUT\logs\UBX_10_HB-Airyscan Processing-17-Channel Alignment (Extended)-22_RSFISH_LOG.txt
UBX,UBX_11_HR-Airyscan Processing-23-Channel Alignment (Extended)-34,CH1_633nm,combined_file,1.8,0.01001,0.0,10663.0,866,Z:\Sujay\RNAi screen\DNA-FISH_RNAi_screen\AP_file_2026\AP_files\OUTPUT\logs\UBX_11_HR-Airyscan Processing-23-Channel Alignment (Extended)-34_RSFISH_LOG.txt
UBX,UBX_11_HR-Airyscan Processing-23-Channel Alignment (Extended)-34,CH2_555nm,combined_file,1.8,0.01001,0.0,32347.0,1545,Z:\Sujay\RNAi screen\DNA-FISH_RNAi_screen\AP_file_2026\AP_files\OUTPUT\logs\UBX_11_HR-Airyscan Processing-23-Channel Alignment (Extended)-34_RSFISH_LOG.txt
UBX,UBX_11_HR-Airyscan Processing-23-Channel Alignment (Extended)-34,CH3_488nm,combined_file,1.8,0.01573,0.0,14116.0,1078,Z:\Sujay\RNAi screen\DNA-FISH_RNAi_screen\AP_file_2026\AP_files\OUTPUT\logs\UBX_11_HR-Airyscan Processing-23-Channel Alignment (Extended)-34_RSFISH_LOG.txt
UBX,UBX_12_HL-Airyscan Processing-24-Channel Alignment (Extended)-35,CH1_633nm,combined_file,1.8,0.01001,0.0,6925.0,999,Z:\Sujay\RNAi screen\DNA-FISH_RNAi_screen\AP_file_2026\AP_files\OUTPUT\logs\UBX_12_HL-Airyscan Processing-24-Channel Alignment (Extended)-35_RSFISH_LOG.txt
UBX,UBX_12_HL-Airyscan Processing-24-Channel Alignment (Extended)-35,CH2_555nm,combined_file,1.8,0.01001,0.0,35065.0,563,Z:\Sujay\RNAi screen\DNA-FISH_RNAi_screen\AP_file_2026\AP_files\OUTPUT\logs\UBX_12_HL-Airyscan Processing-24-Channel Alignment (Extended)-35_RSFISH_LOG.txt
UBX,UBX_12_HL-Airyscan Processing-24-Channel Alignment (Extended)-35,CH3_488nm,combined_file,1.8,0.01573,0.0,6392.0,1504,Z:\Sujay\RNAi screen\DNA-FISH_RNAi_screen\AP_file_2026\AP_files\OUTPUT\logs\UBX_12_HL-Airyscan Processing-24-Channel Alignment (Extended)-35_RSFISH_LOG.txt
UBX,UBX_13_HB-Airyscan Processing-25-Channel Alignment (Extended)-36,CH1_633nm,per_channel_file,1.8,0.002786,0.0,51691.0,175,Z:\Sujay\RNAi screen\DNA-FISH_RNAi_screen\AP_file_2026\AP_files\OUTPUT\logs\UBX_13_HB-Airyscan Processing-25-Channel Alignment (Extended)-36_CH1_633nm_RSFISH_LOG.txt
UBX,UBX_13_HB-Airyscan Processing-25-Channel Alignment (Extended)-36,CH2_555nm,combined_file,1.8,0.01001,0.0,23804.0,2391,Z:\Sujay\RNAi screen\DNA-FISH_RNAi_screen\AP_file_2026\AP_files\OUTPUT\logs\UBX_13_HB-Airyscan Processing-25-Channel Alignment (Extended)-36_RSFISH_LOG.txt
UBX,UBX_13_HB-Airyscan Processing-25-Channel Alignment (Extended)-36,CH3_488nm,combined_file,1.8,0.01573,0.0,7239.0,1665,Z:\Sujay\RNAi screen\DNA-FISH_RNAi_screen\AP_file_2026\AP_files\OUTPUT\logs\UBX_13_HB-Airyscan Processing-25-Channel Alignment (Extended)-36_RSFISH_LOG.txt
UBX,UBX_14_HU-Airyscan Processing-27-Channel Alignment (Extended)-37,CH1_633nm,combined_file,1.8,0.01001,0.0,4346.0,31253,Z:\Sujay\RNAi screen\DNA-FISH_RNAi_screen\AP_file_2026\AP_files\OUTPUT\logs\UBX_14_HU-Airyscan Processing-27-Channel Alignment (Extended)-37_RSFISH_LOG.txt
UBX,UBX_14_HU-Airyscan Processing-27-Channel Alignment (Extended)-37,CH2_555nm,combined_file,1.8,0.01001,0.0,24909.0,1799,Z:\Sujay\RNAi screen\DNA-FISH_RNAi_screen\AP_file_2026\AP_files\OUTPUT\logs\UBX_14_HU-Airyscan Processing-27-Channel Alignment (Extended)-37_RSFISH_LOG.txt
UBX,UBX_14_HU-Airyscan Processing-27-Channel Alignment (Extended)-37,CH3_488nm,combined_file,1.8,0.01573,0.0,6690.0,2149,Z:\Sujay\RNAi screen\DNA-FISH_RNAi_screen\AP_file_2026\AP_files\OUTPUT\logs\UBX_14_HU-Airyscan Processing-27-Channel Alignment (Extended)-37_RSFISH_LOG.txt
UBX,UBX_15_HR-Airyscan Processing-28-Channel Alignment (Extended)-38,CH1_633nm,combined_file,1.8,0.01001,0.0,10593.0,568,Z:\Sujay\RNAi screen\DNA-FISH_RNAi_screen\AP_file_2026\AP_files\OUTPUT\logs\UBX_15_HR-Airyscan Processing-28-Channel Alignment (Extended)-38_RSFISH_LOG.txt
UBX,UBX_15_HR-Airyscan Processing-28-Channel Alignment (Extended)-38,CH2_555nm,combined_file,1.8,0.01001,0.0,29322.0,1795,Z:\Sujay\RNAi screen\DNA-FISH_RNAi_screen\AP_file_2026\AP_files\OUTPUT\logs\UBX_15_HR-Airyscan Processing-28-Channel Alignment (Extended)-38_RSFISH_LOG.txt
UBX,UBX_15_HR-Airyscan Processing-28-Channel Alignment (Extended)-38,CH3_488nm,combined_file,1.8,0.01573,0.0,6161.0,6720,Z:\Sujay\RNAi screen\DNA-FISH_RNAi_screen\AP_file_2026\AP_files\OUTPUT\logs\UBX_15_HR-Airyscan Processing-28-Channel Alignment (Extended)-38_RSFISH_LOG.txt
UBX,UBX_4_HL-Airyscan Processing-04-Channel Alignment (Extended)-09,CH1_633nm,per_channel_file,1.8,0.002786,0.0,23635.0,728,Z:\Sujay\RNAi screen\DNA-FISH_RNAi_screen\AP_file_2026\AP_files\OUTPUT\logs\UBX_4_HL-Airyscan Processing-04-Channel Alignment (Extended)-09_CH1_633nm_RSFISH_LOG.txt
UBX,UBX_4_HL-Airyscan Processing-04-Channel Alignment (Extended)-09,CH2_555nm,combined_file,1.8,0.01001,0.0,16438.0,1750,Z:\Sujay\RNAi screen\DNA-FISH_RNAi_screen\AP_file_2026\AP_files\OUTPUT\logs\UBX_4_HL-Airyscan Processing-04-Channel Alignment (Extended)-09_RSFISH_LOG.txt
UBX,UBX_4_HL-Airyscan Processing-04-Channel Alignment (Extended)-09,CH3_488nm,combined_file,1.8,0.01573,0.0,5810.0,1888,Z:\Sujay\RNAi screen\DNA-FISH_RNAi_screen\AP_file_2026\AP_files\OUTPUT\logs\UBX_4_HL-Airyscan Processing-04-Channel Alignment (Extended)-09_RSFISH_LOG.txt
UBX,UBX_5_HU-Airyscan Processing-03-Channel Alignment (Extended)-08,CH1_633nm,combined_file,1.8,0.01001,0.0,5208.0,4544,Z:\Sujay\RNAi screen\DNA-FISH_RNAi_screen\AP_file_2026\AP_files\OUTPUT\logs\UBX_5_HU-Airyscan Processing-03-Channel Alignment (Extended)-08_RSFISH_LOG.txt
UBX,UBX_5_HU-Airyscan Processing-03-Channel Alignment (Extended)-08,CH2_555nm,combined_file,1.8,0.01001,0.0,11924.0,7879,Z:\Sujay\RNAi screen\DNA-FISH_RNAi_screen\AP_file_2026\AP_files\OUTPUT\logs\UBX_5_HU-Airyscan Processing-03-Channel Alignment (Extended)-08_RSFISH_LOG.txt
UBX,UBX_5_HU-Airyscan Processing-03-Channel Alignment (Extended)-08,CH3_488nm,combined_file,1.8,0.01573,0.0,6522.0,2195,Z:\Sujay\RNAi screen\DNA-FISH_RNAi_screen\AP_file_2026\AP_files\OUTPUT\logs\UBX_5_HU-Airyscan Processing-03-Channel Alignment (Extended)-08_RSFISH_LOG.txt
UBX,UBX_6_HB-Airyscan Processing-13-Channel Alignment (Extended)-18,CH1_633nm,combined_file,1.8,0.01001,0.0,4142.0,5684,Z:\Sujay\RNAi screen\DNA-FISH_RNAi_screen\AP_file_2026\AP_files\OUTPUT\logs\UBX_6_HB-Airyscan Processing-13-Channel Alignment (Extended)-18_RSFISH_LOG.txt
UBX,UBX_6_HB-Airyscan Processing-13-Channel Alignment (Extended)-18,CH2_555nm,combined_file,1.8,0.01001,0.0,28104.0,951,Z:\Sujay\RNAi screen\DNA-FISH_RNAi_screen\AP_file_2026\AP_files\OUTPUT\logs\UBX_6_HB-Airyscan Processing-13-Channel Alignment (Extended)-18_RSFISH_LOG.txt
UBX,UBX_6_HB-Airyscan Processing-13-Channel Alignment (Extended)-18,CH3_488nm,combined_file,1.8,0.01573,0.0,5405.0,8397,Z:\Sujay\RNAi screen\DNA-FISH_RNAi_screen\AP_file_2026\AP_files\OUTPUT\logs\UBX_6_HB-Airyscan Processing-13-Channel Alignment (Extended)-18_RSFISH_LOG.txt
UBX,UBX_7_HU-Airyscan Processing-14-Channel Alignment (Extended)-19,CH1_633nm,combined_file,1.8,0.01001,0.0,7069.0,1561,Z:\Sujay\RNAi screen\DNA-FISH_RNAi_screen\AP_file_2026\AP_files\OUTPUT\logs\UBX_7_HU-Airyscan Processing-14-Channel Alignment (Extended)-19_RSFISH_LOG.txt
UBX,UBX_7_HU-Airyscan Processing-14-Channel Alignment (Extended)-19,CH2_555nm,combined_file,1.8,0.01001,0.0,18836.0,2830,Z:\Sujay\RNAi screen\DNA-FISH_RNAi_screen\AP_file_2026\AP_files\OUTPUT\logs\UBX_7_HU-Airyscan Processing-14-Channel Alignment (Extended)-19_RSFISH_LOG.txt
UBX,UBX_7_HU-Airyscan Processing-14-Channel Alignment (Extended)-19,CH3_488nm,combined_file,1.8,0.01573,0.0,6127.0,5262,Z:\Sujay\RNAi screen\DNA-FISH_RNAi_screen\AP_file_2026\AP_files\OUTPUT\logs\UBX_7_HU-Airyscan Processing-14-Channel Alignment (Extended)-19_RSFISH_LOG.txt
UBX,UBX_8_HB-Airyscan Processing-15-Channel Alignment (Extended)-20,CH1_633nm,per_channel_file,1.8,0.002786,0.0,11502.0,26201,Z:\Sujay\RNAi screen\DNA-FISH_RNAi_screen\AP_file_2026\AP_files\OUTPUT\logs\UBX_8_HB-Airyscan Processing-15-Channel Alignment (Extended)-20_CH1_633nm_RSFISH_LOG.txt
UBX,UBX_8_HB-Airyscan Processing-15-Channel Alignment (Extended)-20,CH2_555nm,combined_file,1.8,0.01001,0.0,38364.0,835,Z:\Sujay\RNAi screen\DNA-FISH_RNAi_screen\AP_file_2026\AP_files\OUTPUT\logs\UBX_8_HB-Airyscan Processing-15-Channel Alignment (Extended)-20_RSFISH_LOG.txt
UBX,UBX_8_HB-Airyscan Processing-15-Channel Alignment (Extended)-20,CH3_488nm,combined_file,1.8,0.01573,0.0,9315.0,1205,Z:\Sujay\RNAi screen\DNA-FISH_RNAi_screen\AP_file_2026\AP_files\OUTPUT\logs\UBX_8_HB-Airyscan Processing-15-Channel Alignment (Extended)-20_RSFISH_LOG.txt
UBX,UBX_9_HB-Airyscan Processing-16-Channel Alignment (Extended)-21,CH1_633nm,combined_file,1.8,0.01001,0.0,10414.0,538,Z:\Sujay\RNAi screen\DNA-FISH_RNAi_screen\AP_file_2026\AP_files\OUTPUT\logs\UBX_9_HB-Airyscan Processing-16-Channel Alignment (Extended)-21_RSFISH_LOG.txt
UBX,UBX_9_HB-Airyscan Processing-16-Channel Alignment (Extended)-21,CH2_555nm,combined_file,1.8,0.01001,0.0,13777.0,3762,Z:\Sujay\RNAi screen\DNA-FISH_RNAi_screen\AP_file_2026\AP_files\OUTPUT\logs\UBX_9_HB-Airyscan Processing-16-Channel Alignment (Extended)-21_RSFISH_LOG.txt
UBX,UBX_9_HB-Airyscan Processing-16-Channel Alignment (Extended)-21,CH3_488nm,combined_file,1.8,0.01573,0.0,7133.0,1948,Z:\Sujay\RNAi screen\DNA-FISH_RNAi_screen\AP_file_2026\AP_files\OUTPUT\logs\UBX_9_HB-Airyscan Processing-16-Channel Alignment (Extended)-21_RSFISH_LOG.txt
UBX,Ubx_1_HB-Airyscan Processing-01-Channel Alignment (Extended)-93,CH1_633nm,combined_file,1.8,0.01001,0.0,4321.0,14745,Z:\Sujay\RNAi screen\DNA-FISH_RNAi_screen\AP_file_2026\AP_files\OUTPUT\logs\Ubx_1_HB-Airyscan Processing-01-Channel Alignment (Extended)-93_RSFISH_LOG.txt
UBX,Ubx_1_HB-Airyscan Processing-01-Channel Alignment (Extended)-93,CH2_555nm,combined_file,1.8,0.01001,0.0,26630.0,2349,Z:\Sujay\RNAi screen\DNA-FISH_RNAi_screen\AP_file_2026\AP_files\OUTPUT\logs\Ubx_1_HB-Airyscan Processing-01-Channel Alignment (Extended)-93_RSFISH_LOG.txt
UBX,Ubx_1_HB-Airyscan Processing-01-Channel Alignment (Extended)-93,CH3_488nm,combined_file,1.8,0.01573,0.0,6168.0,4544,Z:\Sujay\RNAi screen\DNA-FISH_RNAi_screen\AP_file_2026\AP_files\OUTPUT\logs\Ubx_1_HB-Airyscan Processing-01-Channel Alignment (Extended)-93_RSFISH_LOG.txt
UBX,Ubx_1_HB-Airyscan Processing-07-Channel Alignment (Extended)-12,CH1_633nm,combined_file,1.8,0.01001,0.0,4207.0,11563,Z:\Sujay\RNAi screen\DNA-FISH_RNAi_screen\AP_file_2026\AP_files\OUTPUT\logs\Ubx_1_HB-Airyscan Processing-07-Channel Alignment (Extended)-12_RSFISH_LOG.txt
UBX,Ubx_1_HB-Airyscan Processing-07-Channel Alignment (Extended)-12,CH2_555nm,combined_file,1.8,0.01001,0.0,26630.0,2348,Z:\Sujay\RNAi screen\DNA-FISH_RNAi_screen\AP_file_2026\AP_files\OUTPUT\logs\Ubx_1_HB-Airyscan Processing-07-Channel Alignment (Extended)-12_RSFISH_LOG.txt
UBX,Ubx_1_HB-Airyscan Processing-07-Channel Alignment (Extended)-12,CH3_488nm,combined_file,1.8,0.01573,0.0,6168.0,4545,Z:\Sujay\RNAi screen\DNA-FISH_RNAi_screen\AP_file_2026\AP_files\OUTPUT\logs\Ubx_1_HB-Airyscan Processing-07-Channel Alignment (Extended)-12_RSFISH_LOG.txt
UBX,Ubx_2_HB-Airyscan Processing-06-Channel Alignment (Extended)-11,CH1_633nm,per_channel_file,1.8,0.002786,0.0,42514.0,337,Z:\Sujay\RNAi screen\DNA-FISH_RNAi_screen\AP_file_2026\AP_files\OUTPUT\logs\Ubx_2_HB-Airyscan Processing-06-Channel Alignment (Extended)-11_CH1_633nm_RSFISH_LOG.txt
UBX,Ubx_2_HB-Airyscan Processing-06-Channel Alignment (Extended)-11,CH2_555nm,combined_file,1.8,0.01001,0.0,9552.0,19644,Z:\Sujay\RNAi screen\DNA-FISH_RNAi_screen\AP_file_2026\AP_files\OUTPUT\logs\Ubx_2_HB-Airyscan Processing-06-Channel Alignment (Extended)-11_RSFISH_LOG.txt
UBX,Ubx_2_HB-Airyscan Processing-06-Channel Alignment (Extended)-11,CH3_488nm,combined_file,1.8,0.01573,0.0,6396.0,2670,Z:\Sujay\RNAi screen\DNA-FISH_RNAi_screen\AP_file_2026\AP_files\OUTPUT\logs\Ubx_2_HB-Airyscan Processing-06-Channel Alignment (Extended)-11_RSFISH_LOG.txt
UBX,Ubx_3_HL-Airyscan Processing-05-Channel Alignment (Extended)-10,CH1_633nm,per_channel_file,1.8,0.002786,0.0,22773.0,1567,Z:\Sujay\RNAi screen\DNA-FISH_RNAi_screen\AP_file_2026\AP_files\OUTPUT\logs\Ubx_3_HL-Airyscan Processing-05-Channel Alignment (Extended)-10_CH1_633nm_RSFISH_LOG.txt
UBX,Ubx_3_HL-Airyscan Processing-05-Channel Alignment (Extended)-10,CH2_555nm,combined_file,1.8,0.01001,0.0,17511.0,2535,Z:\Sujay\RNAi screen\DNA-FISH_RNAi_screen\AP_file_2026\AP_files\OUTPUT\logs\Ubx_3_HL-Airyscan Processing-05-Channel Alignment (Extended)-10_RSFISH_LOG.txt
UBX,Ubx_3_HL-Airyscan Processing-05-Channel Alignment (Extended)-10,CH3_488nm,combined_file,1.8,0.01573,0.0,5856.0,4159,Z:\Sujay\RNAi screen\DNA-FISH_RNAi_screen\AP_file_2026\AP_files\OUTPUT\logs\Ubx_3_HL-Airyscan Processing-05-Channel Alignment (Extended)-10_RSFISH_LOG.txt
cp190,CP190_14_HU-Airyscan Processing-197-Channel Alignment (Extended)-212,CH1_633nm,combined_file,1.8,0.01001,0.0,4283.0,106105,Z:\Sujay\RNAi screen\DNA-FISH_RNAi_screen\AP_file_2026\AP_files\OUTPUT\logs\CP190_14_HU-Airyscan Processing-197-Channel Alignment (Extended)-212_RSFISH_LOG.txt
cp190,CP190_14_HU-Airyscan Processing-197-Channel Alignment (Extended)-212,CH2_555nm,combined_file,1.8,0.01001,0.0,13109.0,33549,Z:\Sujay\RNAi screen\DNA-FISH_RNAi_screen\AP_file_2026\AP_files\OUTPUT\logs\CP190_14_HU-Airyscan Processing-197-Channel Alignment (Extended)-212_RSFISH_LOG.txt
cp190,CP190_14_HU-Airyscan Processing-197-Channel Alignment (Extended)-212,CH3_488nm,per_channel_file,1.8,0.01073,0.0,29399.0,109,Z:\Sujay\RNAi screen\DNA-FISH_RNAi_screen\AP_file_2026\AP_files\OUTPUT\logs\CP190_14_HU-Airyscan Processing-197-Channel Alignment (Extended)-212_CH3_488nm_RSFISH_LOG.txt
cp190,CP190_15_HR-Airyscan Processing-198-Channel Alignment (Extended)-213,CH1_633nm,combined_file,1.8,0.01001,0.0,2808.0,146441,Z:\Sujay\RNAi screen\DNA-FISH_RNAi_screen\AP_file_2026\AP_files\OUTPUT\logs\CP190_15_HR-Airyscan Processing-198-Channel Alignment (Extended)-213_RSFISH_LOG.txt
cp190,CP190_15_HR-Airyscan Processing-198-Channel Alignment (Extended)-213,CH2_555nm,combined_file,1.8,0.01001,0.0,9554.0,45221,Z:\Sujay\RNAi screen\DNA-FISH_RNAi_screen\AP_file_2026\AP_files\OUTPUT\logs\CP190_15_HR-Airyscan Processing-198-Channel Alignment (Extended)-213_RSFISH_LOG.txt
cp190,CP190_15_HR-Airyscan Processing-198-Channel Alignment (Extended)-213,CH3_488nm,combined_file,1.8,0.01573,0.0,6330.0,22414,Z:\Sujay\RNAi screen\DNA-FISH_RNAi_screen\AP_file_2026\AP_files\OUTPUT\logs\CP190_15_HR-Airyscan Processing-198-Channel Alignment (Extended)-213_RSFISH_LOG.txt
cp190,cp190_10_rh-Airyscan Processing-193-Channel Alignment (Extended)-207,CH1_633nm,combined_file,1.8,0.01001,0.0,19478.0,946,Z:\Sujay\RNAi screen\DNA-FISH_RNAi_screen\AP_file_2026\AP_files\OUTPUT\logs\cp190_10_rh-Airyscan Processing-193-Channel Alignment (Extended)-207_RSFISH_LOG.txt
cp190,cp190_10_rh-Airyscan Processing-193-Channel Alignment (Extended)-207,CH2_555nm,combined_file,1.8,0.01001,0.0,46789.0,2106,Z:\Sujay\RNAi screen\DNA-FISH_RNAi_screen\AP_file_2026\AP_files\OUTPUT\logs\cp190_10_rh-Airyscan Processing-193-Channel Alignment (Extended)-207_RSFISH_LOG.txt
cp190,cp190_10_rh-Airyscan Processing-193-Channel Alignment (Extended)-207,CH3_488nm,combined_file,1.8,0.01573,0.0,14240.0,1183,Z:\Sujay\RNAi screen\DNA-FISH_RNAi_screen\AP_file_2026\AP_files\OUTPUT\logs\cp190_10_rh-Airyscan Processing-193-Channel Alignment (Extended)-207_RSFISH_LOG.txt
cp190,cp190_11_hb-Airyscan Processing-194-Channel Alignment (Extended)-208,CH1_633nm,combined_file,1.8,0.01001,0.0,8179.0,5585,Z:\Sujay\RNAi screen\DNA-FISH_RNAi_screen\AP_file_2026\AP_files\OUTPUT\logs\cp190_11_hb-Airyscan Processing-194-Channel Alignment (Extended)-208_RSFISH_LOG.txt
cp190,cp190_11_hb-Airyscan Processing-194-Channel Alignment (Extended)-208,CH2_555nm,combined_file,1.8,0.01001,0.0,65528.0,2439,Z:\Sujay\RNAi screen\DNA-FISH_RNAi_screen\AP_file_2026\AP_files\OUTPUT\logs\cp190_11_hb-Airyscan Processing-194-Channel Alignment (Extended)-208_RSFISH_LOG.txt
cp190,cp190_11_hb-Airyscan Processing-194-Channel Alignment (Extended)-208,CH3_488nm,combined_file,1.8,0.01573,0.0,11243.0,5004,Z:\Sujay\RNAi screen\DNA-FISH_RNAi_screen\AP_file_2026\AP_files\OUTPUT\logs\cp190_11_hb-Airyscan Processing-194-Channel Alignment (Extended)-208_RSFISH_LOG.txt
cp190,cp190_12_hd-Airyscan Processing-195-Channel Alignment (Extended)-210,CH1_633nm,combined_file,1.8,0.01001,0.0,14422.0,1381,Z:\Sujay\RNAi screen\DNA-FISH_RNAi_screen\AP_file_2026\AP_files\OUTPUT\logs\cp190_12_hd-Airyscan Processing-195-Channel Alignment (Extended)-210_RSFISH_LOG.txt
cp190,cp190_12_hd-Airyscan Processing-195-Channel Alignment (Extended)-210,CH2_555nm,combined_file,1.8,0.01001,0.0,41048.0,2784,Z:\Sujay\RNAi screen\DNA-FISH_RNAi_screen\AP_file_2026\AP_files\OUTPUT\logs\cp190_12_hd-Airyscan Processing-195-Channel Alignment (Extended)-210_RSFISH_LOG.txt
cp190,cp190_12_hd-Airyscan Processing-195-Channel Alignment (Extended)-210,CH3_488nm,combined_file,1.8,0.01573,0.0,11405.0,1835,Z:\Sujay\RNAi screen\DNA-FISH_RNAi_screen\AP_file_2026\AP_files\OUTPUT\logs\cp190_12_hd-Airyscan Processing-195-Channel Alignment (Extended)-210_RSFISH_LOG.txt
cp190,cp190_13_ventral_rh-Airyscan Processing-196-Channel Alignment (Extended)-211,CH1_633nm,per_channel_file,1.8,0.002786,0.0,37001.0,7659,Z:\Sujay\RNAi screen\DNA-FISH_RNAi_screen\AP_file_2026\AP_files\OUTPUT\logs\cp190_13_ventral_rh-Airyscan Processing-196-Channel Alignment (Extended)-211_CH1_633nm_RSFISH_LOG.txt
cp190,cp190_13_ventral_rh-Airyscan Processing-196-Channel Alignment (Extended)-211,CH2_555nm,combined_file,1.8,0.01001,0.0,65534.0,4701,Z:\Sujay\RNAi screen\DNA-FISH_RNAi_screen\AP_file_2026\AP_files\OUTPUT\logs\cp190_13_ventral_rh-Airyscan Processing-196-Channel Alignment (Extended)-211_RSFISH_LOG.txt
cp190,cp190_13_ventral_rh-Airyscan Processing-196-Channel Alignment (Extended)-211,CH3_488nm,combined_file,1.8,0.01573,0.0,11719.0,6230,Z:\Sujay\RNAi screen\DNA-FISH_RNAi_screen\AP_file_2026\AP_files\OUTPUT\logs\cp190_13_ventral_rh-Airyscan Processing-196-Channel Alignment (Extended)-211_RSFISH_LOG.txt
cp190,cp190_1_rh-Airyscan Processing-183-Channel Alignment (Extended)-199,CH1_633nm,combined_file,1.8,0.01001,0.0,7803.0,4223,Z:\Sujay\RNAi screen\DNA-FISH_RNAi_screen\AP_file_2026\AP_files\OUTPUT\logs\cp190_1_rh-Airyscan Processing-183-Channel Alignment (Extended)-199_RSFISH_LOG.txt
cp190,cp190_1_rh-Airyscan Processing-183-Channel Alignment (Extended)-199,CH2_555nm,combined_file,1.8,0.01001,0.0,33110.0,3411,Z:\Sujay\RNAi screen\DNA-FISH_RNAi_screen\AP_file_2026\AP_files\OUTPUT\logs\cp190_1_rh-Airyscan Processing-183-Channel Alignment (Extended)-199_RSFISH_LOG.txt
cp190,cp190_1_rh-Airyscan Processing-183-Channel Alignment (Extended)-199,CH3_488nm,combined_file,1.8,0.01573,0.0,11539.0,2362,Z:\Sujay\RNAi screen\DNA-FISH_RNAi_screen\AP_file_2026\AP_files\OUTPUT\logs\cp190_1_rh-Airyscan Processing-183-Channel Alignment (Extended)-199_RSFISH_LOG.txt
cp190,cp190_2_hu-Airyscan Processing-184-Channel Alignment (Extended)-200,CH1_633nm,combined_file,1.8,0.01001,0.0,11738.0,2233,Z:\Sujay\RNAi screen\DNA-FISH_RNAi_screen\AP_file_2026\AP_files\OUTPUT\logs\cp190_2_hu-Airyscan Processing-184-Channel Alignment (Extended)-200_RSFISH_LOG.txt
cp190,cp190_2_hu-Airyscan Processing-184-Channel Alignment (Extended)-200,CH2_555nm,combined_file,1.8,0.01001,0.0,40601.0,2755,Z:\Sujay\RNAi screen\DNA-FISH_RNAi_screen\AP_file_2026\AP_files\OUTPUT\logs\cp190_2_hu-Airyscan Processing-184-Channel Alignment (Extended)-200_RSFISH_LOG.txt
cp190,cp190_2_hu-Airyscan Processing-184-Channel Alignment (Extended)-200,CH3_488nm,combined_file,1.8,0.01573,0.0,14609.0,1781,Z:\Sujay\RNAi screen\DNA-FISH_RNAi_screen\AP_file_2026\AP_files\OUTPUT\logs\cp190_2_hu-Airyscan Processing-184-Channel Alignment (Extended)-200_RSFISH_LOG.txt
cp190,cp190_3_ld-Airyscan Processing-214-Channel Alignment (Extended)-215,CH1_633nm,per_channel_file,1.8,0.002786,0.0,26665.0,5592,Z:\Sujay\RNAi screen\DNA-FISH_RNAi_screen\AP_file_2026\AP_files\OUTPUT\logs\cp190_3_ld-Airyscan Processing-214-Channel Alignment (Extended)-215_CH1_633nm_RSFISH_LOG.txt
cp190,cp190_3_ld-Airyscan Processing-214-Channel Alignment (Extended)-215,CH2_555nm,combined_file,1.8,0.01001,0.0,41138.0,4021,Z:\Sujay\RNAi screen\DNA-FISH_RNAi_screen\AP_file_2026\AP_files\OUTPUT\logs\cp190_3_ld-Airyscan Processing-214-Channel Alignment (Extended)-215_RSFISH_LOG.txt
cp190,cp190_3_ld-Airyscan Processing-214-Channel Alignment (Extended)-215,CH3_488nm,combined_file,1.8,0.01573,0.0,13798.0,2509,Z:\Sujay\RNAi screen\DNA-FISH_RNAi_screen\AP_file_2026\AP_files\OUTPUT\logs\cp190_3_ld-Airyscan Processing-214-Channel Alignment (Extended)-215_RSFISH_LOG.txt
cp190,cp190_4_rh-Airyscan Processing-186-Channel Alignment (Extended)-201,CH1_633nm,combined_file,1.8,0.01001,0.0,4412.0,9077,Z:\Sujay\RNAi screen\DNA-FISH_RNAi_screen\AP_file_2026\AP_files\OUTPUT\logs\cp190_4_rh-Airyscan Processing-186-Channel Alignment (Extended)-201_RSFISH_LOG.txt
cp190,cp190_4_rh-Airyscan Processing-186-Channel Alignment (Extended)-201,CH2_555nm,combined_file,1.8,0.01001,0.0,12716.0,15722,Z:\Sujay\RNAi screen\DNA-FISH_RNAi_screen\AP_file_2026\AP_files\OUTPUT\logs\cp190_4_rh-Airyscan Processing-186-Channel Alignment (Extended)-201_RSFISH_LOG.txt
cp190,cp190_4_rh-Airyscan Processing-186-Channel Alignment (Extended)-201,CH3_488nm,combined_file,1.8,0.01573,0.0,7991.0,6739,Z:\Sujay\RNAi screen\DNA-FISH_RNAi_screen\AP_file_2026\AP_files\OUTPUT\logs\cp190_4_rh-Airyscan Processing-186-Channel Alignment (Extended)-201_RSFISH_LOG.txt
cp190,cp190_5_hl-Airyscan Processing-187-Channel Alignment (Extended)-202,CH1_633nm,combined_file,1.8,0.01001,0.0,6647.0,2436,Z:\Sujay\RNAi screen\DNA-FISH_RNAi_screen\AP_file_2026\AP_files\OUTPUT\logs\cp190_5_hl-Airyscan Processing-187-Channel Alignment (Extended)-202_RSFISH_LOG.txt
cp190,cp190_5_hl-Airyscan Processing-187-Channel Alignment (Extended)-202,CH2_555nm,combined_file,1.8,0.01001,0.0,17815.0,5211,Z:\Sujay\RNAi screen\DNA-FISH_RNAi_screen\AP_file_2026\AP_files\OUTPUT\logs\cp190_5_hl-Airyscan Processing-187-Channel Alignment (Extended)-202_RSFISH_LOG.txt
cp190,cp190_5_hl-Airyscan Processing-187-Channel Alignment (Extended)-202,CH3_488nm,combined_file,1.8,0.01573,0.0,6201.0,3070,Z:\Sujay\RNAi screen\DNA-FISH_RNAi_screen\AP_file_2026\AP_files\OUTPUT\logs\cp190_5_hl-Airyscan Processing-187-Channel Alignment (Extended)-202_RSFISH_LOG.txt
cp190,cp190_6_rh-Airyscan Processing-188-Channel Alignment (Extended)-203,CH1_633nm,combined_file,1.8,0.01001,0.0,14566.0,899,Z:\Sujay\RNAi screen\DNA-FISH_RNAi_screen\AP_file_2026\AP_files\OUTPUT\logs\cp190_6_rh-Airyscan Processing-188-Channel Alignment (Extended)-203_RSFISH_LOG.txt
cp190,cp190_6_rh-Airyscan Processing-188-Channel Alignment (Extended)-203,CH2_555nm,combined_file,1.8,0.01001,0.0,64072.0,999,Z:\Sujay\RNAi screen\DNA-FISH_RNAi_screen\AP_file_2026\AP_files\OUTPUT\logs\cp190_6_rh-Airyscan Processing-188-Channel Alignment (Extended)-203_RSFISH_LOG.txt
cp190,cp190_6_rh-Airyscan Processing-188-Channel Alignment (Extended)-203,CH3_488nm,combined_file,1.8,0.01573,0.0,14411.0,1121,Z:\Sujay\RNAi screen\DNA-FISH_RNAi_screen\AP_file_2026\AP_files\OUTPUT\logs\cp190_6_rh-Airyscan Processing-188-Channel Alignment (Extended)-203_RSFISH_LOG.txt
cp190,cp190_7_hu-Airyscan Processing-189-Channel Alignment (Extended)-204,CH1_633nm,combined_file,1.8,0.01001,0.0,24892.0,527,Z:\Sujay\RNAi screen\DNA-FISH_RNAi_screen\AP_file_2026\AP_files\OUTPUT\logs\cp190_7_hu-Airyscan Processing-189-Channel Alignment (Extended)-204_RSFISH_LOG.txt
cp190,cp190_7_hu-Airyscan Processing-189-Channel Alignment (Extended)-204,CH2_555nm,combined_file,1.8,0.01001,0.0,32082.0,5542,Z:\Sujay\RNAi screen\DNA-FISH_RNAi_screen\AP_file_2026\AP_files\OUTPUT\logs\cp190_7_hu-Airyscan Processing-189-Channel Alignment (Extended)-204_RSFISH_LOG.txt
cp190,cp190_7_hu-Airyscan Processing-189-Channel Alignment (Extended)-204,CH3_488nm,combined_file,1.8,0.01573,0.0,12143.0,3068,Z:\Sujay\RNAi screen\DNA-FISH_RNAi_screen\AP_file_2026\AP_files\OUTPUT\logs\cp190_7_hu-Airyscan Processing-189-Channel Alignment (Extended)-204_RSFISH_LOG.txt
cp190,cp190_8_rh-Airyscan Processing-191-Channel Alignment (Extended)-205,CH1_633nm,per_channel_file,1.8,0.002786,0.0,24222.0,4916,Z:\Sujay\RNAi screen\DNA-FISH_RNAi_screen\AP_file_2026\AP_files\OUTPUT\logs\cp190_8_rh-Airyscan Processing-191-Channel Alignment (Extended)-205_CH1_633nm_RSFISH_LOG.txt
cp190,cp190_8_rh-Airyscan Processing-191-Channel Alignment (Extended)-205,CH2_555nm,combined_file,1.8,0.01001,0.0,32706.0,3731,Z:\Sujay\RNAi screen\DNA-FISH_RNAi_screen\AP_file_2026\AP_files\OUTPUT\logs\cp190_8_rh-Airyscan Processing-191-Channel Alignment (Extended)-205_RSFISH_LOG.txt
cp190,cp190_8_rh-Airyscan Processing-191-Channel Alignment (Extended)-205,CH3_488nm,combined_file,1.8,0.01573,0.0,11728.0,3883,Z:\Sujay\RNAi screen\DNA-FISH_RNAi_screen\AP_file_2026\AP_files\OUTPUT\logs\cp190_8_rh-Airyscan Processing-191-Channel Alignment (Extended)-205_RSFISH_LOG.txt
cp190,cp190_9_rh-Airyscan Processing-192-Channel Alignment (Extended)-206,CH1_633nm,combined_file,1.8,0.01001,0.0,10657.0,3030,Z:\Sujay\RNAi screen\DNA-FISH_RNAi_screen\AP_file_2026\AP_files\OUTPUT\logs\cp190_9_rh-Airyscan Processing-192-Channel Alignment (Extended)-206_RSFISH_LOG.txt
cp190,cp190_9_rh-Airyscan Processing-192-Channel Alignment (Extended)-206,CH2_555nm,combined_file,1.8,0.01001,0.0,27784.0,7355,Z:\Sujay\RNAi screen\DNA-FISH_RNAi_screen\AP_file_2026\AP_files\OUTPUT\logs\cp190_9_rh-Airyscan Processing-192-Channel Alignment (Extended)-206_RSFISH_LOG.txt
cp190,cp190_9_rh-Airyscan Processing-192-Channel Alignment (Extended)-206,CH3_488nm,combined_file,1.8,0.01573,0.0,9781.0,4453,Z:\Sujay\RNAi screen\DNA-FISH_RNAi_screen\AP_file_2026\AP_files\OUTPUT\logs\cp190_9_rh-Airyscan Processing-192-Channel Alignment (Extended)-206_RSFISH_LOG.txt
mdg4,MDG4_15_HL-Airyscan Processing-282-Channel Alignment (Extended)-295,CH1_633nm,combined_file,1.8,0.009906,0.0,4060.0,25689,Z:\Sujay\RNAi screen\DNA-FISH_RNAi_screen\AP_file_2026\AP_files\OUTPUT\logs\MDG4_15_HL-Airyscan Processing-282-Channel Alignment (Extended)-295_RSFISH_LOG.txt
mdg4,MDG4_15_HL-Airyscan Processing-282-Channel Alignment (Extended)-295,CH2_555nm,combined_file,1.8,0.01029,0.0,15493.0,4256,Z:\Sujay\RNAi screen\DNA-FISH_RNAi_screen\AP_file_2026\AP_files\OUTPUT\logs\MDG4_15_HL-Airyscan Processing-282-Channel Alignment (Extended)-295_RSFISH_LOG.txt
mdg4,MDG4_15_HL-Airyscan Processing-282-Channel Alignment (Extended)-295,CH3_488nm,combined_file,1.8,0.02012,0.0,7892.0,1608,Z:\Sujay\RNAi screen\DNA-FISH_RNAi_screen\AP_file_2026\AP_files\OUTPUT\logs\MDG4_15_HL-Airyscan Processing-282-Channel Alignment (Extended)-295_RSFISH_LOG.txt
mdg4,MDG4_16_13-Airyscan Processing-283-Channel Alignment (Extended)-297,CH1_633nm,combined_file,1.8,0.009906,0.0,3660.0,52411,Z:\Sujay\RNAi screen\DNA-FISH_RNAi_screen\AP_file_2026\AP_files\OUTPUT\logs\MDG4_16_13-Airyscan Processing-283-Channel Alignment (Extended)-297_RSFISH_LOG.txt
mdg4,MDG4_16_13-Airyscan Processing-283-Channel Alignment (Extended)-297,CH2_555nm,combined_file,1.8,0.01029,0.0,14114.0,5997,Z:\Sujay\RNAi screen\DNA-FISH_RNAi_screen\AP_file_2026\AP_files\OUTPUT\logs\MDG4_16_13-Airyscan Processing-283-Channel Alignment (Extended)-297_RSFISH_LOG.txt
mdg4,MDG4_16_13-Airyscan Processing-283-Channel Alignment (Extended)-297,CH3_488nm,combined_file,1.8,0.02012,0.0,7926.0,2101,Z:\Sujay\RNAi screen\DNA-FISH_RNAi_screen\AP_file_2026\AP_files\OUTPUT\logs\MDG4_16_13-Airyscan Processing-283-Channel Alignment (Extended)-297_RSFISH_LOG.txt
mdg4,MDG4_17_HB-Airyscan Processing-285-Channel Alignment (Extended)-296,CH1_633nm,combined_file,1.8,0.009906,0.0,6714.0,1885,Z:\Sujay\RNAi screen\DNA-FISH_RNAi_screen\AP_file_2026\AP_files\OUTPUT\logs\MDG4_17_HB-Airyscan Processing-285-Channel Alignment (Extended)-296_RSFISH_LOG.txt
mdg4,MDG4_17_HB-Airyscan Processing-285-Channel Alignment (Extended)-296,CH2_555nm,combined_file,1.8,0.01029,0.0,26747.0,1699,Z:\Sujay\RNAi screen\DNA-FISH_RNAi_screen\AP_file_2026\AP_files\OUTPUT\logs\MDG4_17_HB-Airyscan Processing-285-Channel Alignment (Extended)-296_RSFISH_LOG.txt
mdg4,MDG4_17_HB-Airyscan Processing-285-Channel Alignment (Extended)-296,CH3_488nm,combined_file,1.8,0.02012,0.0,7951.0,780,Z:\Sujay\RNAi screen\DNA-FISH_RNAi_screen\AP_file_2026\AP_files\OUTPUT\logs\MDG4_17_HB-Airyscan Processing-285-Channel Alignment (Extended)-296_RSFISH_LOG.txt
mdg4,MDG4_18_HB-Airyscan Processing-286-Channel Alignment (Extended)-298,CH1_633nm,combined_file,1.8,0.009906,0.0,6009.0,5586,Z:\Sujay\RNAi screen\DNA-FISH_RNAi_screen\AP_file_2026\AP_files\OUTPUT\logs\MDG4_18_HB-Airyscan Processing-286-Channel Alignment (Extended)-298_RSFISH_LOG.txt
mdg4,MDG4_18_HB-Airyscan Processing-286-Channel Alignment (Extended)-298,CH2_555nm,combined_file,1.8,0.01029,0.0,31596.0,3300,Z:\Sujay\RNAi screen\DNA-FISH_RNAi_screen\AP_file_2026\AP_files\OUTPUT\logs\MDG4_18_HB-Airyscan Processing-286-Channel Alignment (Extended)-298_RSFISH_LOG.txt
mdg4,MDG4_18_HB-Airyscan Processing-286-Channel Alignment (Extended)-298,CH3_488nm,combined_file,1.8,0.02012,0.0,8972.0,3838,Z:\Sujay\RNAi screen\DNA-FISH_RNAi_screen\AP_file_2026\AP_files\OUTPUT\logs\MDG4_18_HB-Airyscan Processing-286-Channel Alignment (Extended)-298_RSFISH_LOG.txt
mdg4,mdg4_10_LH-Airyscan Processing-272-Channel Alignment (Extended)-290,CH1_633nm,combined_file,1.8,0.009906,0.0,6711.0,1712,Z:\Sujay\RNAi screen\DNA-FISH_RNAi_screen\AP_file_2026\AP_files\OUTPUT\logs\mdg4_10_LH-Airyscan Processing-272-Channel Alignment (Extended)-290_RSFISH_LOG.txt
mdg4,mdg4_10_LH-Airyscan Processing-272-Channel Alignment (Extended)-290,CH2_555nm,combined_file,1.8,0.01029,0.0,50331.0,580,Z:\Sujay\RNAi screen\DNA-FISH_RNAi_screen\AP_file_2026\AP_files\OUTPUT\logs\mdg4_10_LH-Airyscan Processing-272-Channel Alignment (Extended)-290_RSFISH_LOG.txt
mdg4,mdg4_10_LH-Airyscan Processing-272-Channel Alignment (Extended)-290,CH3_488nm,combined_file,1.8,0.02012,0.0,8532.0,1284,Z:\Sujay\RNAi screen\DNA-FISH_RNAi_screen\AP_file_2026\AP_files\OUTPUT\logs\mdg4_10_LH-Airyscan Processing-272-Channel Alignment (Extended)-290_RSFISH_LOG.txt
mdg4,mdg4_11_LH-Airyscan Processing-274-Channel Alignment (Extended)-291,CH1_633nm,per_channel_file,1.8,0.003786,0.0,13005.0,1569,Z:\Sujay\RNAi screen\DNA-FISH_RNAi_screen\AP_file_2026\AP_files\OUTPUT\logs\mdg4_11_LH-Airyscan Processing-274-Channel Alignment (Extended)-291_CH1_633nm_RSFISH_LOG.txt
mdg4,mdg4_11_LH-Airyscan Processing-274-Channel Alignment (Extended)-291,CH2_555nm,combined_file,1.8,0.01029,0.0,24118.0,1387,Z:\Sujay\RNAi screen\DNA-FISH_RNAi_screen\AP_file_2026\AP_files\OUTPUT\logs\mdg4_11_LH-Airyscan Processing-274-Channel Alignment (Extended)-291_RSFISH_LOG.txt
mdg4,mdg4_11_LH-Airyscan Processing-274-Channel Alignment (Extended)-291,CH3_488nm,combined_file,1.8,0.02012,0.0,7953.0,1982,Z:\Sujay\RNAi screen\DNA-FISH_RNAi_screen\AP_file_2026\AP_files\OUTPUT\logs\mdg4_11_LH-Airyscan Processing-274-Channel Alignment (Extended)-291_RSFISH_LOG.txt
mdg4,mdg4_12_RH-Airyscan Processing-275-Channel Alignment (Extended)-292,CH1_633nm,combined_file,1.8,0.009906,0.0,7665.0,1205,Z:\Sujay\RNAi screen\DNA-FISH_RNAi_screen\AP_file_2026\AP_files\OUTPUT\logs\mdg4_12_RH-Airyscan Processing-275-Channel Alignment (Extended)-292_RSFISH_LOG.txt
mdg4,mdg4_12_RH-Airyscan Processing-275-Channel Alignment (Extended)-292,CH2_555nm,combined_file,1.8,0.01029,0.0,25472.0,2177,Z:\Sujay\RNAi screen\DNA-FISH_RNAi_screen\AP_file_2026\AP_files\OUTPUT\logs\mdg4_12_RH-Airyscan Processing-275-Channel Alignment (Extended)-292_RSFISH_LOG.txt
mdg4,mdg4_12_RH-Airyscan Processing-275-Channel Alignment (Extended)-292,CH3_488nm,combined_file,1.8,0.02012,0.0,9782.0,1718,Z:\Sujay\RNAi screen\DNA-FISH_RNAi_screen\AP_file_2026\AP_files\OUTPUT\logs\mdg4_12_RH-Airyscan Processing-275-Channel Alignment (Extended)-292_RSFISH_LOG.txt
mdg4,mdg4_13_HB-Airyscan Processing-277-Channel Alignment (Extended)-293,CH1_633nm,combined_file,1.8,0.009906,0.0,6095.0,1877,Z:\Sujay\RNAi screen\DNA-FISH_RNAi_screen\AP_file_2026\AP_files\OUTPUT\logs\mdg4_13_HB-Airyscan Processing-277-Channel Alignment (Extended)-293_RSFISH_LOG.txt
mdg4,mdg4_13_HB-Airyscan Processing-277-Channel Alignment (Extended)-293,CH2_555nm,combined_file,1.8,0.01029,0.0,16891.0,2594,Z:\Sujay\RNAi screen\DNA-FISH_RNAi_screen\AP_file_2026\AP_files\OUTPUT\logs\mdg4_13_HB-Airyscan Processing-277-Channel Alignment (Extended)-293_RSFISH_LOG.txt
mdg4,mdg4_13_HB-Airyscan Processing-277-Channel Alignment (Extended)-293,CH3_488nm,combined_file,1.8,0.02012,0.0,7818.0,1163,Z:\Sujay\RNAi screen\DNA-FISH_RNAi_screen\AP_file_2026\AP_files\OUTPUT\logs\mdg4_13_HB-Airyscan Processing-277-Channel Alignment (Extended)-293_RSFISH_LOG.txt
mdg4,mdg4_14_HL-Airyscan Processing-280-Channel Alignment (Extended)-294,CH1_633nm,combined_file,1.8,0.009906,0.0,4675.0,1543,Z:\Sujay\RNAi screen\DNA-FISH_RNAi_screen\AP_file_2026\AP_files\OUTPUT\logs\mdg4_14_HL-Airyscan Processing-280-Channel Alignment (Extended)-294_RSFISH_LOG.txt
mdg4,mdg4_14_HL-Airyscan Processing-280-Channel Alignment (Extended)-294,CH2_555nm,combined_file,1.8,0.01029,0.0,25359.0,1232,Z:\Sujay\RNAi screen\DNA-FISH_RNAi_screen\AP_file_2026\AP_files\OUTPUT\logs\mdg4_14_HL-Airyscan Processing-280-Channel Alignment (Extended)-294_RSFISH_LOG.txt
mdg4,mdg4_14_HL-Airyscan Processing-280-Channel Alignment (Extended)-294,CH3_488nm,combined_file,1.8,0.02012,0.0,7947.0,1005,Z:\Sujay\RNAi screen\DNA-FISH_RNAi_screen\AP_file_2026\AP_files\OUTPUT\logs\mdg4_14_HL-Airyscan Processing-280-Channel Alignment (Extended)-294_RSFISH_LOG.txt
mdg4,mdg4_1_Rh-Airyscan Processing-249-Channel Alignment (Extended)-268,CH1_633nm,per_channel_file,1.8,0.002786,0.0,15521.0,1278,Z:\Sujay\RNAi screen\DNA-FISH_RNAi_screen\AP_file_2026\AP_files\OUTPUT\logs\mdg4_1_Rh-Airyscan Processing-249-Channel Alignment (Extended)-268_CH1_633nm_RSFISH_LOG.txt
mdg4,mdg4_1_Rh-Airyscan Processing-249-Channel Alignment (Extended)-268,CH2_555nm,combined_file,1.8,0.01001,0.0,42200.0,929,Z:\Sujay\RNAi screen\DNA-FISH_RNAi_screen\AP_file_2026\AP_files\OUTPUT\logs\mdg4_1_Rh-Airyscan Processing-249-Channel Alignment (Extended)-268_RSFISH_LOG.txt
mdg4,mdg4_1_Rh-Airyscan Processing-249-Channel Alignment (Extended)-268,CH3_488nm,combined_file,1.8,0.01573,0.0,8209.0,1056,Z:\Sujay\RNAi screen\DNA-FISH_RNAi_screen\AP_file_2026\AP_files\OUTPUT\logs\mdg4_1_Rh-Airyscan Processing-249-Channel Alignment (Extended)-268_RSFISH_LOG.txt
mdg4,mdg4_2_ventral_RH-Airyscan Processing-251-Channel Alignment (Extended)-267,CH1_633nm,per_channel_file,1.8,0.002786,0.0,12811.0,3436,Z:\Sujay\RNAi screen\DNA-FISH_RNAi_screen\AP_file_2026\AP_files\OUTPUT\logs\mdg4_2_ventral_RH-Airyscan Processing-251-Channel Alignment (Extended)-267_CH1_633nm_RSFISH_LOG.txt
mdg4,mdg4_2_ventral_RH-Airyscan Processing-251-Channel Alignment (Extended)-267,CH2_555nm,combined_file,1.8,0.01001,0.0,15134.0,2625,Z:\Sujay\RNAi screen\DNA-FISH_RNAi_screen\AP_file_2026\AP_files\OUTPUT\logs\mdg4_2_ventral_RH-Airyscan Processing-251-Channel Alignment (Extended)-267_RSFISH_LOG.txt
mdg4,mdg4_2_ventral_RH-Airyscan Processing-251-Channel Alignment (Extended)-267,CH3_488nm,combined_file,1.8,0.01573,0.0,8344.0,1341,Z:\Sujay\RNAi screen\DNA-FISH_RNAi_screen\AP_file_2026\AP_files\OUTPUT\logs\mdg4_2_ventral_RH-Airyscan Processing-251-Channel Alignment (Extended)-267_RSFISH_LOG.txt
mdg4,mdg4_3_rh-Airyscan Processing-252-Channel Alignment (Extended)-266,CH1_633nm,combined_file,1.8,0.01001,0.0,6632.0,1315,Z:\Sujay\RNAi screen\DNA-FISH_RNAi_screen\AP_file_2026\AP_files\OUTPUT\logs\mdg4_3_rh-Airyscan Processing-252-Channel Alignment (Extended)-266_RSFISH_LOG.txt
mdg4,mdg4_3_rh-Airyscan Processing-252-Channel Alignment (Extended)-266,CH2_555nm,combined_file,1.8,0.01001,0.0,19721.0,2872,Z:\Sujay\RNAi screen\DNA-FISH_RNAi_screen\AP_file_2026\AP_files\OUTPUT\logs\mdg4_3_rh-Airyscan Processing-252-Channel Alignment (Extended)-266_RSFISH_LOG.txt
mdg4,mdg4_3_rh-Airyscan Processing-252-Channel Alignment (Extended)-266,CH3_488nm,combined_file,1.8,0.01573,0.0,6831.0,3719,Z:\Sujay\RNAi screen\DNA-FISH_RNAi_screen\AP_file_2026\AP_files\OUTPUT\logs\mdg4_3_rh-Airyscan Processing-252-Channel Alignment (Extended)-266_RSFISH_LOG.txt
mdg4,mdg4_4_LH-Airyscan Processing-254-Channel Alignment (Extended)-265,CH1_633nm,combined_file,1.8,0.01001,0.0,5773.0,1207,Z:\Sujay\RNAi screen\DNA-FISH_RNAi_screen\AP_file_2026\AP_files\OUTPUT\logs\mdg4_4_LH-Airyscan Processing-254-Channel Alignment (Extended)-265_RSFISH_LOG.txt
mdg4,mdg4_4_LH-Airyscan Processing-254-Channel Alignment (Extended)-265,CH2_555nm,combined_file,1.8,0.01001,0.0,14130.0,2103,Z:\Sujay\RNAi screen\DNA-FISH_RNAi_screen\AP_file_2026\AP_files\OUTPUT\logs\mdg4_4_LH-Airyscan Processing-254-Channel Alignment (Extended)-265_RSFISH_LOG.txt
mdg4,mdg4_4_LH-Airyscan Processing-254-Channel Alignment (Extended)-265,CH3_488nm,combined_file,1.8,0.01573,0.0,7366.0,1383,Z:\Sujay\RNAi screen\DNA-FISH_RNAi_screen\AP_file_2026\AP_files\OUTPUT\logs\mdg4_4_LH-Airyscan Processing-254-Channel Alignment (Extended)-265_RSFISH_LOG.txt
mdg4,mdg4_5_LH-Airyscan Processing-256-Channel Alignment (Extended)-264,CH1_633nm,per_channel_file,1.8,0.002786,0.0,12298.0,5001,Z:\Sujay\RNAi screen\DNA-FISH_RNAi_screen\AP_file_2026\AP_files\OUTPUT\logs\mdg4_5_LH-Airyscan Processing-256-Channel Alignment (Extended)-264_CH1_633nm_RSFISH_LOG.txt
mdg4,mdg4_5_LH-Airyscan Processing-256-Channel Alignment (Extended)-264,CH2_555nm,combined_file,1.8,0.01001,0.0,16115.0,3425,Z:\Sujay\RNAi screen\DNA-FISH_RNAi_screen\AP_file_2026\AP_files\OUTPUT\logs\mdg4_5_LH-Airyscan Processing-256-Channel Alignment (Extended)-264_RSFISH_LOG.txt
mdg4,mdg4_5_LH-Airyscan Processing-256-Channel Alignment (Extended)-264,CH3_488nm,combined_file,1.8,0.01573,0.0,7790.0,1888,Z:\Sujay\RNAi screen\DNA-FISH_RNAi_screen\AP_file_2026\AP_files\OUTPUT\logs\mdg4_5_LH-Airyscan Processing-256-Channel Alignment (Extended)-264_RSFISH_LOG.txt
mdg4,mdg4_6_RH-Airyscan Processing-260-Channel Alignment (Extended)-263,CH1_633nm,per_channel_file,1.8,0.002786,0.0,0.0,0,Z:\Sujay\RNAi screen\DNA-FISH_RNAi_screen\AP_file_2026\AP_files\OUTPUT\logs\mdg4_6_RH-Airyscan Processing-260-Channel Alignment (Extended)-263_CH1_633nm_RSFISH_LOG.txt
mdg4,mdg4_6_RH-Airyscan Processing-260-Channel Alignment (Extended)-263,CH2_555nm,per_channel_file,1.8,0.007551,0.0,0.0,0,Z:\Sujay\RNAi screen\DNA-FISH_RNAi_screen\AP_file_2026\AP_files\OUTPUT\logs\mdg4_6_RH-Airyscan Processing-260-Channel Alignment (Extended)-263_CH2_555nm_RSFISH_LOG.txt
mdg4,mdg4_6_RH-Airyscan Processing-260-Channel Alignment (Extended)-263,CH3_488nm,per_channel_file,1.8,0.01073,0.0,0.0,0,Z:\Sujay\RNAi screen\DNA-FISH_RNAi_screen\AP_file_2026\AP_files\OUTPUT\logs\mdg4_6_RH-Airyscan Processing-260-Channel Alignment (Extended)-263_CH3_488nm_RSFISH_LOG.txt
mdg4,mdg4_7_RH-Airyscan Processing-261-Channel Alignment (Extended)-262,CH1_633nm,per_channel_file,1.8,0.002786,0.0,16812.0,2408,Z:\Sujay\RNAi screen\DNA-FISH_RNAi_screen\AP_file_2026\AP_files\OUTPUT\logs\mdg4_7_RH-Airyscan Processing-261-Channel Alignment (Extended)-262_CH1_633nm_RSFISH_LOG.txt
mdg4,mdg4_7_RH-Airyscan Processing-261-Channel Alignment (Extended)-262,CH2_555nm,combined_file,1.8,0.01001,0.0,40970.0,1182,Z:\Sujay\RNAi screen\DNA-FISH_RNAi_screen\AP_file_2026\AP_files\OUTPUT\logs\mdg4_7_RH-Airyscan Processing-261-Channel Alignment (Extended)-262_RSFISH_LOG.txt
mdg4,mdg4_7_RH-Airyscan Processing-261-Channel Alignment (Extended)-262,CH3_488nm,combined_file,1.8,0.01573,0.0,7327.0,1374,Z:\Sujay\RNAi screen\DNA-FISH_RNAi_screen\AP_file_2026\AP_files\OUTPUT\logs\mdg4_7_RH-Airyscan Processing-261-Channel Alignment (Extended)-262_RSFISH_LOG.txt
mdg4,mdg4_8_RH-Airyscan Processing-270-Channel Alignment (Extended)-288,CH1_633nm,per_channel_file,1.8,0.003786,0.0,44033.0,211,Z:\Sujay\RNAi screen\DNA-FISH_RNAi_screen\AP_file_2026\AP_files\OUTPUT\logs\mdg4_8_RH-Airyscan Processing-270-Channel Alignment (Extended)-288_CH1_633nm_RSFISH_LOG.txt
mdg4,mdg4_8_RH-Airyscan Processing-270-Channel Alignment (Extended)-288,CH2_555nm,combined_file,1.8,0.01029,0.0,41983.0,1099,Z:\Sujay\RNAi screen\DNA-FISH_RNAi_screen\AP_file_2026\AP_files\OUTPUT\logs\mdg4_8_RH-Airyscan Processing-270-Channel Alignment (Extended)-288_RSFISH_LOG.txt
mdg4,mdg4_8_RH-Airyscan Processing-270-Channel Alignment (Extended)-288,CH3_488nm,combined_file,1.8,0.02012,0.0,11250.0,1102,Z:\Sujay\RNAi screen\DNA-FISH_RNAi_screen\AP_file_2026\AP_files\OUTPUT\logs\mdg4_8_RH-Airyscan Processing-270-Channel Alignment (Extended)-288_RSFISH_LOG.txt
mdg4,mdg4_9_RH-Airyscan Processing-271-Channel Alignment (Extended)-289,CH1_633nm,combined_file,1.8,0.009906,0.0,9324.0,405,Z:\Sujay\RNAi screen\DNA-FISH_RNAi_screen\AP_file_2026\AP_files\OUTPUT\logs\mdg4_9_RH-Airyscan Processing-271-Channel Alignment (Extended)-289_RSFISH_LOG.txt
mdg4,mdg4_9_RH-Airyscan Processing-271-Channel Alignment (Extended)-289,CH2_555nm,combined_file,1.8,0.01029,0.0,15690.0,1651,Z:\Sujay\RNAi screen\DNA-FISH_RNAi_screen\AP_file_2026\AP_files\OUTPUT\logs\mdg4_9_RH-Airyscan Processing-271-Channel Alignment (Extended)-289_RSFISH_LOG.txt
mdg4,mdg4_9_RH-Airyscan Processing-271-Channel Alignment (Extended)-289,CH3_488nm,combined_file,1.8,0.02012,0.0,7620.0,859,Z:\Sujay\RNAi screen\DNA-FISH_RNAi_screen\AP_file_2026\AP_files\OUTPUT\logs\mdg4_9_RH-Airyscan Processing-271-Channel Alignment (Extended)-289_RSFISH_LOG.txt
pnt,Pnt_12_HU-Airyscan Processing-99-Channel Alignment (Extended)-102,CH1_633nm,per_channel_file,1.8,0.002786,0.0,59827.0,116,Z:\Sujay\RNAi screen\DNA-FISH_RNAi_screen\AP_file_2026\AP_files\OUTPUT\logs\Pnt_12_HU-Airyscan Processing-99-Channel Alignment (Extended)-102_CH1_633nm_RSFISH_LOG.txt
pnt,Pnt_12_HU-Airyscan Processing-99-Channel Alignment (Extended)-102,CH2_555nm,per_channel_file,1.8,0.007551,0.0,62003.0,493,Z:\Sujay\RNAi screen\DNA-FISH_RNAi_screen\AP_file_2026\AP_files\OUTPUT\logs\Pnt_12_HU-Airyscan Processing-99-Channel Alignment (Extended)-102_CH2_555nm_RSFISH_LOG.txt
pnt,Pnt_12_HU-Airyscan Processing-99-Channel Alignment (Extended)-102,CH3_488nm,combined_file,1.8,0.01573,0.0,7141.0,2450,Z:\Sujay\RNAi screen\DNA-FISH_RNAi_screen\AP_file_2026\AP_files\OUTPUT\logs\Pnt_12_HU-Airyscan Processing-99-Channel Alignment (Extended)-102_RSFISH_LOG.txt
pnt,pnt_10_HU-Airyscan Processing-97-Channel Alignment (Extended)-104,CH1_633nm,combined_file,1.8,0.01001,0.0,8406.0,878,Z:\Sujay\RNAi screen\DNA-FISH_RNAi_screen\AP_file_2026\AP_files\OUTPUT\logs\pnt_10_HU-Airyscan Processing-97-Channel Alignment (Extended)-104_RSFISH_LOG.txt
pnt,pnt_10_HU-Airyscan Processing-97-Channel Alignment (Extended)-104,CH2_555nm,combined_file,1.8,0.01001,0.0,16205.0,3328,Z:\Sujay\RNAi screen\DNA-FISH_RNAi_screen\AP_file_2026\AP_files\OUTPUT\logs\pnt_10_HU-Airyscan Processing-97-Channel Alignment (Extended)-104_RSFISH_LOG.txt
pnt,pnt_10_HU-Airyscan Processing-97-Channel Alignment (Extended)-104,CH3_488nm,combined_file,1.8,0.01573,0.0,7809.0,1408,Z:\Sujay\RNAi screen\DNA-FISH_RNAi_screen\AP_file_2026\AP_files\OUTPUT\logs\pnt_10_HU-Airyscan Processing-97-Channel Alignment (Extended)-104_RSFISH_LOG.txt
pnt,pnt_11_HU-Airyscan Processing-98-Channel Alignment (Extended)-103,CH1_633nm,combined_file,1.8,0.01001,0.0,2842.0,96042,Z:\Sujay\RNAi screen\DNA-FISH_RNAi_screen\AP_file_2026\AP_files\OUTPUT\logs\pnt_11_HU-Airyscan Processing-98-Channel Alignment (Extended)-103_RSFISH_LOG.txt
pnt,pnt_11_HU-Airyscan Processing-98-Channel Alignment (Extended)-103,CH2_555nm,combined_file,1.8,0.01001,0.0,14572.0,4752,Z:\Sujay\RNAi screen\DNA-FISH_RNAi_screen\AP_file_2026\AP_files\OUTPUT\logs\pnt_11_HU-Airyscan Processing-98-Channel Alignment (Extended)-103_RSFISH_LOG.txt
pnt,pnt_11_HU-Airyscan Processing-98-Channel Alignment (Extended)-103,CH3_488nm,combined_file,1.8,0.01573,0.0,7395.0,1623,Z:\Sujay\RNAi screen\DNA-FISH_RNAi_screen\AP_file_2026\AP_files\OUTPUT\logs\pnt_11_HU-Airyscan Processing-98-Channel Alignment (Extended)-103_RSFISH_LOG.txt
pnt,pnt_13_HU-Airyscan Processing-100-Channel Alignment (Extended)-101,CH1_633nm,combined_file,1.8,0.01001,0.0,5025.0,4116,Z:\Sujay\RNAi screen\DNA-FISH_RNAi_screen\AP_file_2026\AP_files\OUTPUT\logs\pnt_13_HU-Airyscan Processing-100-Channel Alignment (Extended)-101_RSFISH_LOG.txt
pnt,pnt_13_HU-Airyscan Processing-100-Channel Alignment (Extended)-101,CH2_555nm,combined_file,1.8,0.01001,0.0,13630.0,6256,Z:\Sujay\RNAi screen\DNA-FISH_RNAi_screen\AP_file_2026\AP_files\OUTPUT\logs\pnt_13_HU-Airyscan Processing-100-Channel Alignment (Extended)-101_RSFISH_LOG.txt
pnt,pnt_13_HU-Airyscan Processing-100-Channel Alignment (Extended)-101,CH3_488nm,combined_file,1.8,0.01573,0.0,6394.0,2103,Z:\Sujay\RNAi screen\DNA-FISH_RNAi_screen\AP_file_2026\AP_files\OUTPUT\logs\pnt_13_HU-Airyscan Processing-100-Channel Alignment (Extended)-101_RSFISH_LOG.txt
pnt,pnt_14_HB-Airyscan Processing-94-Channel Alignment (Extended)-107,CH1_633nm,per_channel_file,1.8,0.002786,0.0,8122.0,71631,Z:\Sujay\RNAi screen\DNA-FISH_RNAi_screen\AP_file_2026\AP_files\OUTPUT\logs\pnt_14_HB-Airyscan Processing-94-Channel Alignment (Extended)-107_CH1_633nm_RSFISH_LOG.txt
pnt,pnt_14_HB-Airyscan Processing-94-Channel Alignment (Extended)-107,CH2_555nm,combined_file,1.8,0.01001,0.0,15415.0,1865,Z:\Sujay\RNAi screen\DNA-FISH_RNAi_screen\AP_file_2026\AP_files\OUTPUT\logs\pnt_14_HB-Airyscan Processing-94-Channel Alignment (Extended)-107_RSFISH_LOG.txt
pnt,pnt_14_HB-Airyscan Processing-94-Channel Alignment (Extended)-107,CH3_488nm,combined_file,1.8,0.01573,0.0,5646.0,1137,Z:\Sujay\RNAi screen\DNA-FISH_RNAi_screen\AP_file_2026\AP_files\OUTPUT\logs\pnt_14_HB-Airyscan Processing-94-Channel Alignment (Extended)-107_RSFISH_LOG.txt
pnt,pnt_15_HB-Airyscan Processing-93-Channel Alignment (Extended)-108,CH1_633nm,combined_file,1.8,0.01001,0.0,6858.0,914,Z:\Sujay\RNAi screen\DNA-FISH_RNAi_screen\AP_file_2026\AP_files\OUTPUT\logs\pnt_15_HB-Airyscan Processing-93-Channel Alignment (Extended)-108_RSFISH_LOG.txt
pnt,pnt_15_HB-Airyscan Processing-93-Channel Alignment (Extended)-108,CH2_555nm,combined_file,1.8,0.01001,0.0,13025.0,2261,Z:\Sujay\RNAi screen\DNA-FISH_RNAi_screen\AP_file_2026\AP_files\OUTPUT\logs\pnt_15_HB-Airyscan Processing-93-Channel Alignment (Extended)-108_RSFISH_LOG.txt
pnt,pnt_15_HB-Airyscan Processing-93-Channel Alignment (Extended)-108,CH3_488nm,combined_file,1.8,0.01573,0.0,6762.0,926,Z:\Sujay\RNAi screen\DNA-FISH_RNAi_screen\AP_file_2026\AP_files\OUTPUT\logs\pnt_15_HB-Airyscan Processing-93-Channel Alignment (Extended)-108_RSFISH_LOG.txt
pnt,pnt_1_HB-Airyscan Processing-247-Channel Alignment (Extended)-248,CH1_633nm,combined_file,1.8,0.01001,0.0,12577.0,543,Z:\Sujay\RNAi screen\DNA-FISH_RNAi_screen\AP_file_2026\AP_files\OUTPUT\logs\pnt_1_HB-Airyscan Processing-247-Channel Alignment (Extended)-248_RSFISH_LOG.txt
pnt,pnt_1_HB-Airyscan Processing-247-Channel Alignment (Extended)-248,CH2_555nm,combined_file,1.8,0.01001,0.0,36624.0,1064,Z:\Sujay\RNAi screen\DNA-FISH_RNAi_screen\AP_file_2026\AP_files\OUTPUT\logs\pnt_1_HB-Airyscan Processing-247-Channel Alignment (Extended)-248_RSFISH_LOG.txt
pnt,pnt_1_HB-Airyscan Processing-247-Channel Alignment (Extended)-248,CH3_488nm,combined_file,1.8,0.01573,0.0,7047.0,2330,Z:\Sujay\RNAi screen\DNA-FISH_RNAi_screen\AP_file_2026\AP_files\OUTPUT\logs\pnt_1_HB-Airyscan Processing-247-Channel Alignment (Extended)-248_RSFISH_LOG.txt
pnt,pnt_2_HB-Airyscan Processing-80-Channel Alignment (Extended)-88,CH1_633nm,per_channel_file,1.8,0.002786,0.0,16577.0,8083,Z:\Sujay\RNAi screen\DNA-FISH_RNAi_screen\AP_file_2026\AP_files\OUTPUT\logs\pnt_2_HB-Airyscan Processing-80-Channel Alignment (Extended)-88_CH1_633nm_RSFISH_LOG.txt
pnt,pnt_2_HB-Airyscan Processing-80-Channel Alignment (Extended)-88,CH2_555nm,combined_file,1.8,0.01001,0.0,23579.0,4475,Z:\Sujay\RNAi screen\DNA-FISH_RNAi_screen\AP_file_2026\AP_files\OUTPUT\logs\pnt_2_HB-Airyscan Processing-80-Channel Alignment (Extended)-88_RSFISH_LOG.txt
pnt,pnt_2_HB-Airyscan Processing-80-Channel Alignment (Extended)-88,CH3_488nm,combined_file,1.8,0.01573,0.0,7899.0,3116,Z:\Sujay\RNAi screen\DNA-FISH_RNAi_screen\AP_file_2026\AP_files\OUTPUT\logs\pnt_2_HB-Airyscan Processing-80-Channel Alignment (Extended)-88_RSFISH_LOG.txt
pnt,pnt_3_HR-Airyscan Processing-81-Channel Alignment (Extended)-89,CH1_633nm,per_channel_file,1.8,0.002786,0.0,11604.0,18651,Z:\Sujay\RNAi screen\DNA-FISH_RNAi_screen\AP_file_2026\AP_files\OUTPUT\logs\pnt_3_HR-Airyscan Processing-81-Channel Alignment (Extended)-89_CH1_633nm_RSFISH_LOG.txt
pnt,pnt_3_HR-Airyscan Processing-81-Channel Alignment (Extended)-89,CH2_555nm,combined_file,1.8,0.01001,0.0,23188.0,1362,Z:\Sujay\RNAi screen\DNA-FISH_RNAi_screen\AP_file_2026\AP_files\OUTPUT\logs\pnt_3_HR-Airyscan Processing-81-Channel Alignment (Extended)-89_RSFISH_LOG.txt
pnt,pnt_3_HR-Airyscan Processing-81-Channel Alignment (Extended)-89,CH3_488nm,combined_file,1.8,0.01573,0.0,5764.0,1065,Z:\Sujay\RNAi screen\DNA-FISH_RNAi_screen\AP_file_2026\AP_files\OUTPUT\logs\pnt_3_HR-Airyscan Processing-81-Channel Alignment (Extended)-89_RSFISH_LOG.txt
pnt,pnt_4_HU-Airyscan Processing-82-Channel Alignment (Extended)-90,CH1_633nm,per_channel_file,1.8,0.002786,0.0,11459.0,6982,Z:\Sujay\RNAi screen\DNA-FISH_RNAi_screen\AP_file_2026\AP_files\OUTPUT\logs\pnt_4_HU-Airyscan Processing-82-Channel Alignment (Extended)-90_CH1_633nm_RSFISH_LOG.txt
pnt,pnt_4_HU-Airyscan Processing-82-Channel Alignment (Extended)-90,CH2_555nm,combined_file,1.8,0.01001,0.0,21896.0,1679,Z:\Sujay\RNAi screen\DNA-FISH_RNAi_screen\AP_file_2026\AP_files\OUTPUT\logs\pnt_4_HU-Airyscan Processing-82-Channel Alignment (Extended)-90_RSFISH_LOG.txt
pnt,pnt_4_HU-Airyscan Processing-82-Channel Alignment (Extended)-90,CH3_488nm,combined_file,1.8,0.01573,0.0,6240.0,1046,Z:\Sujay\RNAi screen\DNA-FISH_RNAi_screen\AP_file_2026\AP_files\OUTPUT\logs\pnt_4_HU-Airyscan Processing-82-Channel Alignment (Extended)-90_RSFISH_LOG.txt
pnt,pnt_5_HU-Airyscan Processing-83-Channel Alignment (Extended)-91,CH1_633nm,combined_file,1.8,0.01001,0.0,6079.0,1883,Z:\Sujay\RNAi screen\DNA-FISH_RNAi_screen\AP_file_2026\AP_files\OUTPUT\logs\pnt_5_HU-Airyscan Processing-83-Channel Alignment (Extended)-91_RSFISH_LOG.txt
pnt,pnt_5_HU-Airyscan Processing-83-Channel Alignment (Extended)-91,CH2_555nm,combined_file,1.8,0.01001,0.0,21932.0,1998,Z:\Sujay\RNAi screen\DNA-FISH_RNAi_screen\AP_file_2026\AP_files\OUTPUT\logs\pnt_5_HU-Airyscan Processing-83-Channel Alignment (Extended)-91_RSFISH_LOG.txt
pnt,pnt_5_HU-Airyscan Processing-83-Channel Alignment (Extended)-91,CH3_488nm,combined_file,1.8,0.01573,0.0,7420.0,1807,Z:\Sujay\RNAi screen\DNA-FISH_RNAi_screen\AP_file_2026\AP_files\OUTPUT\logs\pnt_5_HU-Airyscan Processing-83-Channel Alignment (Extended)-91_RSFISH_LOG.txt
pnt,pnt_6_HL-Airyscan Processing-84-Channel Alignment (Extended)-92,CH1_633nm,combined_file,1.8,0.01001,0.0,9392.0,1055,Z:\Sujay\RNAi screen\DNA-FISH_RNAi_screen\AP_file_2026\AP_files\OUTPUT\logs\pnt_6_HL-Airyscan Processing-84-Channel Alignment (Extended)-92_RSFISH_LOG.txt
pnt,pnt_6_HL-Airyscan Processing-84-Channel Alignment (Extended)-92,CH2_555nm,combined_file,1.8,0.01001,0.0,25116.0,2817,Z:\Sujay\RNAi screen\DNA-FISH_RNAi_screen\AP_file_2026\AP_files\OUTPUT\logs\pnt_6_HL-Airyscan Processing-84-Channel Alignment (Extended)-92_RSFISH_LOG.txt
pnt,pnt_6_HL-Airyscan Processing-84-Channel Alignment (Extended)-92,CH3_488nm,combined_file,1.8,0.01573,0.0,6958.0,2049,Z:\Sujay\RNAi screen\DNA-FISH_RNAi_screen\AP_file_2026\AP_files\OUTPUT\logs\pnt_6_HL-Airyscan Processing-84-Channel Alignment (Extended)-92_RSFISH_LOG.txt
pnt,pnt_7_HL-Airyscan Processing-79-Channel Alignment (Extended)-87,CH1_633nm,per_channel_file,1.8,0.002786,0.0,16317.0,3269,Z:\Sujay\RNAi screen\DNA-FISH_RNAi_screen\AP_file_2026\AP_files\OUTPUT\logs\pnt_7_HL-Airyscan Processing-79-Channel Alignment (Extended)-87_CH1_633nm_RSFISH_LOG.txt
pnt,pnt_7_HL-Airyscan Processing-79-Channel Alignment (Extended)-87,CH2_555nm,combined_file,1.8,0.01001,0.0,24587.0,1523,Z:\Sujay\RNAi screen\DNA-FISH_RNAi_screen\AP_file_2026\AP_files\OUTPUT\logs\pnt_7_HL-Airyscan Processing-79-Channel Alignment (Extended)-87_RSFISH_LOG.txt
pnt,pnt_7_HL-Airyscan Processing-79-Channel Alignment (Extended)-87,CH3_488nm,combined_file,1.8,0.01573,0.0,7408.0,1037,Z:\Sujay\RNAi screen\DNA-FISH_RNAi_screen\AP_file_2026\AP_files\OUTPUT\logs\pnt_7_HL-Airyscan Processing-79-Channel Alignment (Extended)-87_RSFISH_LOG.txt
pnt,pnt_8_HL-Airyscan Processing-95-Channel Alignment (Extended)-106,CH1_633nm,combined_file,1.8,0.01001,0.0,3978.0,11724,Z:\Sujay\RNAi screen\DNA-FISH_RNAi_screen\AP_file_2026\AP_files\OUTPUT\logs\pnt_8_HL-Airyscan Processing-95-Channel Alignment (Extended)-106_RSFISH_LOG.txt
pnt,pnt_8_HL-Airyscan Processing-95-Channel Alignment (Extended)-106,CH2_555nm,combined_file,1.8,0.01001,0.0,18678.0,3661,Z:\Sujay\RNAi screen\DNA-FISH_RNAi_screen\AP_file_2026\AP_files\OUTPUT\logs\pnt_8_HL-Airyscan Processing-95-Channel Alignment (Extended)-106_RSFISH_LOG.txt
pnt,pnt_8_HL-Airyscan Processing-95-Channel Alignment (Extended)-106,CH3_488nm,combined_file,1.8,0.01573,0.0,7554.0,1697,Z:\Sujay\RNAi screen\DNA-FISH_RNAi_screen\AP_file_2026\AP_files\OUTPUT\logs\pnt_8_HL-Airyscan Processing-95-Channel Alignment (Extended)-106_RSFISH_LOG.txt
pnt,pnt_9_HB-Airyscan Processing-96-Channel Alignment (Extended)-105,CH1_633nm,per_channel_file,1.8,0.002786,0.0,11502.0,17032,Z:\Sujay\RNAi screen\DNA-FISH_RNAi_screen\AP_file_2026\AP_files\OUTPUT\logs\pnt_9_HB-Airyscan Processing-96-Channel Alignment (Extended)-105_CH1_633nm_RSFISH_LOG.txt
pnt,pnt_9_HB-Airyscan Processing-96-Channel Alignment (Extended)-105,CH2_555nm,combined_file,1.8,0.01001,0.0,26180.0,1269,Z:\Sujay\RNAi screen\DNA-FISH_RNAi_screen\AP_file_2026\AP_files\OUTPUT\logs\pnt_9_HB-Airyscan Processing-96-Channel Alignment (Extended)-105_RSFISH_LOG.txt
pnt,pnt_9_HB-Airyscan Processing-96-Channel Alignment (Extended)-105,CH3_488nm,combined_file,1.8,0.01573,0.0,7235.0,923,Z:\Sujay\RNAi screen\DNA-FISH_RNAi_screen\AP_file_2026\AP_files\OUTPUT\logs\pnt_9_HB-Airyscan Processing-96-Channel Alignment (Extended)-105_RSFISH_LOG.txt
